ID,Avg_Temperature,Radiation,Rain_Amount,Wind_Speed,Wind_Direction
84961,25,19,1,12,79
84962,25,21,4,11,98
84963,25,21,4,11,98
84964,25,18,3,9,84
84965,25,17,1,19,95
84966,25,20,1,11,73
84967,25,19,5,7,72
84968,25,20,1,11,73
84969,25,20,4,10,71
84970,25,19,1,12,80
84971,25,20,1,11,74
84972,25,20,4,10,68
84973,25,19,1,14,79
84974,25,17,2,11,93
84975,25,20,1,15,91
84976,25,20,4,10,69
84977,25,20,4,10,69
84978,25,21,4,11,98
84979,25,20,1,11,73
84980,25,20,1,11,73
84981,25,20,1,11,72
84982,25,18,4,7,82
84983,25,20,4,10,69
84984,25,20,4,10,69
84985,25,20,4,10,73
84986,25,17,4,17,86
84987,25,18,2,22,91
84988,25,20,1,11,73
84989,25,17,4,16,81
84990,25,18,3,8,85
84991,25,18,1,15,79
84992,25,21,3,14,99
84993,25,21,3,14,98
84994,25,18,2,11,85
84995,25,17,1,21,95
84996,25,20,1,14,74
84997,25,19,5,8,73
84998,25,20,1,14,74
84999,25,20,4,12,72
85000,25,18,1,15,81
85001,25,20,1,14,74
85002,25,20,4,12,69
85003,25,19,1,17,79
85004,25,17,2,13,94
85005,25,20,1,17,92
85006,25,20,4,12,69
85007,25,20,4,12,69
85008,25,21,3,14,98
85009,25,20,1,14,73
85010,25,20,1,14,73
85011,25,20,1,14,72
85012,25,18,4,9,83
85013,25,20,4,12,69
85014,25,20,4,12,69
85015,25,20,4,12,73
85016,25,17,4,19,86
85017,25,18,2,24,92
85018,25,20,1,14,73
85019,25,17,4,18,82
85020,25,18,3,10,85
85021,25,19,1,15,80
85022,25,21,4,13,99
85023,25,21,4,13,99
85024,25,18,2,11,85
85025,25,17,1,22,96
85026,25,20,1,14,74
85027,25,19,5,9,73
85028,25,20,1,14,74
85029,25,20,4,12,72
85030,25,19,1,15,81
85031,25,20,1,14,74
85032,25,20,4,12,69
85033,25,19,1,17,79
85034,25,17,2,14,95
85035,25,20,1,17,92
85036,25,20,4,12,69
85037,25,20,4,12,69
85038,25,21,4,13,99
85039,25,20,1,14,73
85040,25,20,1,14,74
85041,25,20,1,14,72
85042,25,18,4,9,83
85043,25,20,4,12,70
85044,25,20,4,12,69
85045,25,20,4,12,73
85046,25,18,4,20,86
85047,25,18,2,25,92
85048,25,20,1,14,73
85049,25,17,4,19,82
85050,25,18,3,10,86
85051,25,19,1,15,80
85052,25,21,4,13,100
85053,25,21,4,13,100
85054,25,18,2,11,86
85055,25,18,1,22,96
85056,25,20,1,14,74
85057,25,19,5,9,73
85058,25,20,1,14,74
85059,25,20,4,12,72
85060,25,19,1,15,81
85061,25,20,1,14,74
85062,25,20,4,12,69
85063,25,19,1,17,80
85064,25,18,1,14,95
85065,25,20,1,17,93
85066,25,20,4,12,70
85067,25,20,4,12,70
85068,25,21,4,13,100
85069,25,20,1,14,74
85070,25,20,1,14,74
85071,25,20,1,14,73
85072,25,18,4,9,83
85073,25,20,4,12,70
85074,25,20,4,12,69
85075,25,20,4,12,73
85076,25,18,4,20,87
85077,25,18,1,25,93
85078,25,20,1,14,74
85079,25,17,4,18,82
85080,25,18,3,10,86
85081,25,19,1,15,80
85082,25,20,4,13,101
85083,25,20,4,13,101
85084,25,18,2,11,86
85085,25,17,1,21,97
85086,25,19,1,14,74
85087,25,19,4,9,73
85088,25,19,1,14,74
85089,25,19,3,12,72
85090,25,19,1,15,82
85091,25,19,1,14,74
85092,25,19,3,12,69
85093,25,19,1,17,80
85094,25,18,1,13,96
85095,25,20,1,17,93
85096,25,19,3,12,70
85097,25,19,3,12,70
85098,25,20,4,13,101
85099,25,19,1,14,74
85100,25,19,1,14,74
85101,25,19,1,14,73
85102,25,18,4,9,84
85103,25,20,3,12,70
85104,25,19,3,12,69
85105,25,19,3,12,73
85106,25,18,4,20,87
85107,25,18,1,25,93
85108,25,19,1,14,74
85109,25,17,4,18,82
85110,25,18,2,10,87
85111,25,20,1,15,81
85112,25,21,3,13,101
85113,25,21,3,13,101
85114,25,19,2,11,87
85115,25,18,1,21,97
85116,25,20,1,14,75
85117,25,20,3,8,73
85118,25,20,1,14,75
85119,25,20,2,12,72
85120,25,20,1,15,82
85121,25,20,1,14,75
85122,25,20,2,12,69
85123,25,20,1,17,80
85124,25,19,1,13,96
85125,25,21,1,17,94
85126,25,20,2,12,70
85127,25,20,2,12,70
85128,25,21,3,13,101
85129,25,20,1,14,74
85130,25,20,1,14,74
85131,25,20,1,14,73
85132,25,19,3,9,84
85133,25,20,2,12,70
85134,25,20,2,12,69
85135,25,20,2,12,74
85136,25,18,3,20,87
85137,25,19,1,25,94
85138,25,20,1,14,74
85139,25,18,3,18,83
85140,25,19,2,10,87
85141,25,20,0,14,81
85142,25,21,3,12,102
85143,25,21,3,12,102
85144,25,19,1,10,87
85145,25,18,1,21,98
85146,25,20,0,13,75
85147,25,20,3,8,73
85148,25,20,0,13,75
85149,25,20,2,11,72
85150,25,20,0,14,82
85151,25,20,0,13,75
85152,25,20,2,11,69
85153,25,20,0,16,80
85154,25,19,1,13,97
85155,25,21,1,16,94
85156,25,20,2,11,70
85157,25,20,2,11,70
85158,25,21,3,12,102
85159,25,20,0,13,74
85160,25,20,0,13,74
85161,25,20,0,13,73
85162,25,19,3,8,84
85163,25,20,2,11,70
85164,25,20,2,11,69
85165,25,20,2,11,74
85166,25,19,3,19,88
85167,25,19,1,24,94
85168,25,20,0,13,74
85169,25,18,3,18,83
85170,25,19,2,9,87
85171,25,19,1,14,81
85172,25,21,3,10,103
85173,25,21,3,10,103
85174,25,18,2,10,87
85175,25,18,1,21,99
85176,25,20,1,13,75
85177,25,20,3,7,73
85178,25,20,1,13,75
85179,25,20,2,11,72
85180,25,19,1,14,83
85181,25,20,1,13,75
85182,25,20,2,11,69
85183,25,20,1,16,81
85184,25,18,1,13,98
85185,25,20,1,16,95
85186,25,20,2,11,70
85187,25,20,2,11,70
85188,25,21,3,10,103
85189,25,20,1,13,74
85190,25,20,1,13,75
85191,25,20,1,13,73
85192,25,18,3,8,85
85193,25,20,2,11,70
85194,25,20,2,11,69
85195,25,20,2,11,74
85196,25,18,3,19,88
85197,25,19,1,24,95
85198,25,20,1,13,74
85199,25,18,3,18,83
85200,25,19,2,9,87
85201,25,19,1,14,81
85202,25,21,3,11,104
85203,25,21,3,11,103
85204,25,18,2,10,88
85205,25,17,1,21,99
85206,25,19,1,13,75
85207,25,19,3,8,74
85208,25,19,1,13,75
85209,25,19,2,11,72
85210,25,19,1,14,83
85211,25,19,1,13,75
85212,25,19,2,11,69
85213,25,19,1,16,81
85214,25,17,1,12,98
85215,25,20,1,16,95
85216,25,19,2,11,70
85217,25,19,2,11,70
85218,25,21,3,11,103
85219,25,19,1,13,74
85220,25,19,1,13,75
85221,25,19,1,13,73
85222,25,17,3,8,85
85223,25,19,2,11,70
85224,25,19,2,11,69
85225,25,19,2,11,74
85226,25,17,3,19,88
85227,25,18,1,24,95
85228,25,19,1,13,74
85229,25,17,3,18,83
85230,25,18,2,9,88
85231,25,17,1,13,82
85232,25,19,3,11,104
85233,25,19,3,11,104
85234,25,16,2,10,88
85235,25,16,1,21,100
85236,25,18,1,12,75
85237,25,18,3,8,74
85238,25,18,1,12,75
85239,25,18,2,11,72
85240,25,17,1,13,83
85241,25,18,1,12,75
85242,25,18,2,11,69
85243,25,17,1,16,81
85244,25,16,1,12,99
85245,25,18,1,16,96
85246,25,18,2,11,70
85247,25,18,2,11,70
85248,25,19,3,11,104
85249,25,18,1,12,74
85250,25,18,1,12,75
85251,25,18,1,12,73
85252,25,16,3,7,85
85253,25,18,2,11,70
85254,25,18,2,11,69
85255,25,18,2,11,74
85256,25,16,3,19,89
85257,25,16,1,24,96
85258,25,18,1,12,74
85259,25,15,3,18,83
85260,25,16,2,9,88
85261,25,19,1,14,82
85262,25,21,3,12,105
85263,25,21,3,12,105
85264,25,18,2,10,89
85265,25,17,1,21,100
85266,25,20,1,14,75
85267,25,19,3,8,74
85268,25,20,1,14,75
85269,25,19,2,12,72
85270,25,19,1,14,83
85271,25,20,1,14,75
85272,25,19,2,12,69
85273,25,19,1,16,81
85274,25,17,1,13,99
85275,25,20,1,16,96
85276,25,19,2,12,70
85277,25,19,2,12,70
85278,25,21,3,12,105
85279,25,20,1,14,74
85280,25,20,1,14,75
85281,25,20,1,14,73
85282,25,18,3,8,85
85283,25,19,2,12,70
85284,25,19,2,12,69
85285,25,19,2,12,74
85286,25,18,3,19,89
85287,25,18,1,25,96
85288,25,20,1,14,74
85289,25,17,3,18,84
85290,25,18,2,9,88
85291,25,19,1,14,82
85292,25,21,3,12,106
85293,25,21,3,12,106
85294,25,18,2,10,89
85295,25,18,1,21,101
85296,25,20,1,13,75
85297,25,20,3,8,74
85298,25,20,1,13,75
85299,25,20,2,12,72
85300,25,19,1,14,84
85301,25,20,1,13,75
85302,25,20,2,12,68
85303,25,20,1,16,81
85304,25,18,1,13,100
85305,25,20,1,16,97
85306,25,20,2,12,69
85307,25,20,2,12,69
85308,25,21,3,12,106
85309,25,20,1,13,74
85310,25,20,1,13,75
85311,25,20,1,13,73
85312,25,18,3,8,86
85313,25,20,2,12,69
85314,25,20,2,12,69
85315,25,20,2,12,74
85316,25,18,3,19,89
85317,25,19,1,24,96
85318,25,20,1,13,74
85319,25,18,3,18,84
85320,25,18,2,9,89
85321,25,19,1,14,82
85322,25,21,3,12,106
85323,25,21,3,12,106
85324,25,18,2,10,89
85325,25,18,1,21,101
85326,25,20,1,13,75
85327,25,20,3,8,73
85328,25,20,1,13,75
85329,25,20,2,12,72
85330,25,19,1,14,84
85331,25,20,1,13,75
85332,25,20,2,12,68
85333,25,20,1,16,81
85334,25,18,1,12,100
85335,25,20,1,16,97
85336,25,20,2,12,69
85337,25,20,2,12,69
85338,25,21,3,12,106
85339,25,20,1,13,74
85340,25,20,1,13,75
85341,25,20,1,13,73
85342,25,18,3,8,86
85343,25,20,2,12,69
85344,25,20,2,12,68
85345,25,20,2,12,74
85346,25,18,3,19,89
85347,25,19,1,24,97
85348,25,20,1,13,74
85349,25,18,3,18,84
85350,25,18,2,9,89
85351,25,20,1,14,82
85352,25,21,2,12,107
85353,25,21,2,12,107
85354,25,19,2,10,90
85355,25,19,1,21,102
85356,25,20,1,13,75
85357,25,20,3,8,73
85358,25,20,1,13,75
85359,25,20,2,12,72
85360,25,20,1,14,84
85361,25,20,1,13,75
85362,25,20,2,12,68
85363,25,20,1,16,81
85364,25,19,1,13,101
85365,25,21,1,16,97
85366,25,20,2,12,69
85367,25,20,2,12,69
85368,25,21,2,12,107
85369,25,20,1,13,74
85370,25,20,1,13,75
85371,25,20,1,13,73
85372,25,19,3,8,86
85373,25,20,2,12,69
85374,25,20,2,12,68
85375,25,20,2,12,74
85376,25,19,3,19,90
85377,25,19,1,24,97
85378,25,20,1,13,74
85379,25,18,3,18,84
85380,25,19,2,9,89
85381,25,20,1,13,82
85382,25,21,2,11,108
85383,25,21,2,11,108
85384,25,19,1,9,90
85385,25,19,1,20,102
85386,25,20,1,11,75
85387,25,20,3,7,73
85388,25,20,1,11,75
85389,25,20,2,11,72
85390,25,20,1,13,84
85391,25,20,1,11,75
85392,25,20,2,11,67
85393,25,20,1,15,81
85394,25,19,1,12,101
85395,25,21,1,15,98
85396,25,20,2,11,69
85397,25,20,2,11,69
85398,25,21,2,11,108
85399,25,20,1,11,74
85400,25,20,1,11,74
85401,25,20,1,11,73
85402,25,19,3,7,86
85403,25,20,2,11,69
85404,25,20,2,11,68
85405,25,20,2,11,74
85406,25,19,3,18,90
85407,25,19,1,23,98
85408,25,20,1,11,74
85409,25,19,3,17,84
85410,25,19,2,9,89
85411,25,20,1,14,82
85412,25,22,2,11,109
85413,25,22,2,11,108
85414,25,20,1,10,90
85415,25,19,1,21,102
85416,25,21,1,12,75
85417,25,21,3,8,73
85418,25,21,1,12,75
85419,25,21,1,11,72
85420,25,20,1,14,84
85421,25,21,1,12,75
85422,25,21,1,11,67
85423,25,21,1,16,81
85424,25,19,1,12,102
85425,25,21,0,16,98
85426,25,21,1,11,68
85427,25,21,1,11,68
85428,25,22,2,11,108
85429,25,21,1,12,74
85430,25,21,1,12,74
85431,25,21,1,12,72
85432,25,20,2,8,86
85433,25,21,1,11,68
85434,25,21,1,11,67
85435,25,21,1,11,73
85436,25,20,3,19,90
85437,25,20,1,23,98
85438,25,21,1,12,74
85439,25,19,3,18,84
85440,25,20,1,9,89
85441,25,22,0,15,82
85442,25,23,2,12,109
85443,25,23,2,12,109
85444,25,21,1,11,90
85445,25,21,0,22,103
85446,25,23,0,13,74
85447,25,22,3,9,73
85448,25,23,0,13,74
85449,25,23,1,12,71
85450,25,22,0,15,84
85451,25,23,0,13,75
85452,25,23,1,12,67
85453,25,22,0,17,82
85454,25,21,1,13,102
85455,25,23,0,17,98
85456,25,23,1,12,68
85457,25,23,1,12,68
85458,25,23,2,12,109
85459,25,23,0,13,74
85460,25,23,0,13,74
85461,25,23,0,13,72
85462,25,21,2,8,87
85463,25,23,1,12,68
85464,25,23,1,12,67
85465,25,23,1,12,73
85466,25,20,2,20,90
85467,25,21,0,24,98
85468,25,23,0,13,74
85469,25,20,2,19,84
85470,25,21,1,10,90
85471,25,22,0,15,82
85472,25,23,1,13,110
85473,25,23,1,13,110
85474,25,21,1,11,91
85475,25,20,0,22,103
85476,25,23,0,15,74
85477,25,23,2,9,73
85478,25,23,0,15,74
85479,25,23,1,13,71
85480,25,22,0,15,84
85481,25,23,0,15,74
85482,25,23,1,13,66
85483,25,22,0,17,82
85484,25,21,0,14,103
85485,25,23,0,17,99
85486,25,23,1,13,67
85487,25,23,1,13,67
85488,25,23,1,13,110
85489,25,23,0,15,74
85490,25,23,0,15,74
85491,25,23,0,15,72
85492,25,21,2,9,87
85493,25,23,1,13,68
85494,25,23,1,13,66
85495,25,23,1,13,73
85496,25,20,2,20,90
85497,25,21,0,25,99
85498,25,23,0,15,74
85499,25,20,2,19,84
85500,25,21,1,10,90
85501,25,22,0,15,82
85502,25,23,1,13,111
85503,25,23,1,13,111
85504,25,21,0,11,91
85505,25,21,0,22,104
85506,25,23,0,15,74
85507,25,23,1,9,72
85508,25,23,0,15,74
85509,25,23,0,13,71
85510,25,22,0,15,84
85511,25,23,0,15,74
85512,25,23,0,13,66
85513,25,23,0,17,82
85514,25,21,0,14,103
85515,25,23,0,17,99
85516,25,23,0,13,67
85517,25,23,0,13,67
85518,25,23,1,13,110
85519,25,23,0,15,73
85520,25,23,0,15,74
85521,25,23,0,15,72
85522,25,21,1,9,87
85523,25,23,0,13,67
85524,25,23,0,13,66
85525,25,23,0,13,73
85526,25,21,1,20,91
85527,25,21,0,25,99
85528,25,23,0,15,73
85529,25,20,1,19,84
85530,25,21,0,10,90
85531,25,22,0,15,82
85532,25,24,1,13,112
85533,25,24,1,13,111
85534,25,21,0,11,91
85535,25,21,0,22,104
85536,25,23,0,15,74
85537,25,23,1,9,72
85538,25,23,0,15,74
85539,25,23,0,13,70
85540,25,22,0,15,84
85541,25,23,0,15,74
85542,25,23,0,13,65
85543,25,23,0,17,82
85544,25,21,0,13,104
85545,25,23,0,17,100
85546,25,23,0,13,66
85547,25,23,0,13,66
85548,25,24,1,13,111
85549,25,23,0,15,73
85550,25,23,0,15,74
85551,25,23,0,15,71
85552,25,21,1,8,87
85553,25,23,0,13,67
85554,25,23,0,13,65
85555,25,23,0,13,72
85556,25,21,1,20,91
85557,25,22,0,24,100
85558,25,23,0,15,73
85559,25,21,1,19,84
85560,25,22,0,10,90
85561,25,23,0,13,82
85562,25,24,1,12,113
85563,25,24,1,12,112
85564,25,22,0,10,92
85565,25,21,0,20,105
85566,25,24,0,13,74
85567,25,23,1,9,72
85568,25,24,0,13,74
85569,25,23,0,12,70
85570,25,23,0,13,85
85571,25,24,0,13,74
85572,25,23,0,12,65
85573,25,23,0,15,82
85574,25,22,0,12,105
85575,25,23,0,16,100
85576,25,23,0,12,66
85577,25,23,0,12,66
85578,25,24,1,12,112
85579,25,24,0,13,73
85580,25,24,0,13,73
85581,25,24,0,13,71
85582,25,22,1,8,87
85583,25,23,0,12,66
85584,25,23,0,12,65
85585,25,23,0,12,72
85586,25,21,1,18,91
85587,25,22,0,22,100
85588,25,24,0,13,73
85589,25,21,1,17,85
85590,25,22,0,9,90
85591,25,22,0,13,83
85592,25,24,1,12,114
85593,25,24,1,12,113
85594,25,21,0,10,92
85595,25,21,0,20,106
85596,25,23,0,13,73
85597,25,23,1,9,71
85598,25,23,0,13,73
85599,25,23,0,12,69
85600,25,22,0,13,85
85601,25,23,0,13,73
85602,25,23,0,12,64
85603,25,23,0,15,82
85604,25,21,0,12,105
85605,25,23,0,16,101
85606,25,23,0,12,65
85607,25,23,0,12,65
85608,25,24,1,12,113
85609,25,23,0,13,73
85610,25,23,0,13,73
85611,25,23,0,13,71
85612,25,21,1,8,87
85613,25,23,0,12,66
85614,25,23,0,12,64
85615,25,23,0,12,72
85616,25,21,1,18,91
85617,25,22,0,22,101
85618,25,23,0,13,73
85619,25,21,1,17,85
85620,25,21,0,9,91
85621,25,23,0,14,83
85622,25,24,1,12,115
85623,25,24,1,12,114
85624,25,21,0,10,92
85625,25,21,0,20,106
85626,25,23,0,13,73
85627,25,23,1,9,71
85628,25,23,0,13,73
85629,25,23,0,12,69
85630,25,23,0,14,85
85631,25,23,0,13,73
85632,25,23,0,12,64
85633,25,23,0,16,82
85634,25,21,0,13,106
85635,25,23,0,16,101
85636,25,23,0,12,65
85637,25,23,0,12,65
85638,25,24,1,12,114
85639,25,23,0,13,72
85640,25,23,0,13,73
85641,25,23,0,13,71
85642,25,21,1,8,88
85643,25,23,0,12,65
85644,25,23,0,12,64
85645,25,23,0,12,71
85646,25,21,1,19,92
85647,25,22,0,23,101
85648,25,23,0,13,73
85649,25,21,1,18,85
85650,25,22,0,9,91
85651,25,23,0,14,83
85652,25,23,1,12,116
85653,25,23,1,12,115
85654,25,21,0,10,93
85655,25,21,0,20,107
85656,25,23,0,13,73
85657,25,23,1,8,71
85658,25,23,0,13,73
85659,25,23,0,12,69
85660,25,23,0,14,85
85661,25,23,0,13,73
85662,25,23,0,12,63
85663,25,23,0,16,82
85664,25,21,0,12,107
85665,25,23,0,16,102
85666,25,23,0,12,64
85667,25,23,0,12,64
85668,25,23,1,12,115
85669,25,23,0,13,72
85670,25,23,0,13,73
85671,25,23,0,13,70
85672,25,21,1,8,88
85673,25,23,0,12,64
85674,25,23,0,12,63
85675,25,23,0,12,71
85676,25,21,1,18,92
85677,25,22,0,23,102
85678,25,23,0,13,72
85679,25,21,1,17,85
85680,25,21,0,9,91
85681,25,23,0,13,83
85682,25,23,1,11,117
85683,25,23,1,11,116
85684,25,21,0,10,94
85685,25,21,0,20,108
85686,25,23,0,13,73
85687,25,23,1,8,71
85688,25,23,0,13,73
85689,25,23,0,11,68
85690,25,23,0,13,85
85691,25,23,0,13,73
85692,25,23,0,11,63
85693,25,23,0,15,82
85694,25,21,0,12,108
85695,25,23,0,16,102
85696,25,23,0,11,64
85697,25,23,0,11,64
85698,25,23,1,11,116
85699,25,23,0,13,72
85700,25,23,0,13,73
85701,25,23,0,12,70
85702,25,21,1,7,88
85703,25,23,0,11,64
85704,25,23,0,11,63
85705,25,23,0,11,71
85706,25,21,1,18,92
85707,25,22,0,23,102
85708,25,23,0,12,72
85709,25,21,1,17,85
85710,25,22,0,9,92
85711,25,23,0,13,83
85712,25,24,1,11,118
85713,25,24,1,11,118
85714,25,21,0,10,94
85715,25,21,0,20,109
85716,25,23,0,13,73
85717,25,23,1,8,71
85718,25,23,0,13,73
85719,25,23,0,11,68
85720,25,23,0,13,86
85721,25,23,0,13,73
85722,25,23,0,11,62
85723,25,23,0,15,82
85724,25,21,0,12,109
85725,25,23,0,16,103
85726,25,23,0,11,63
85727,25,23,0,11,63
85728,25,24,1,11,118
85729,25,23,0,13,72
85730,25,23,0,13,72
85731,25,23,0,13,70
85732,25,21,1,7,89
85733,25,23,0,11,63
85734,25,23,0,11,62
85735,25,23,0,11,70
85736,25,21,1,18,93
85737,25,22,0,23,103
85738,25,23,0,13,72
85739,25,21,1,17,85
85740,25,22,0,9,92
85741,25,22,0,13,84
85742,25,23,1,11,120
85743,25,23,1,11,119
85744,25,21,0,10,95
85745,25,21,0,20,109
85746,25,23,0,13,73
85747,25,23,1,8,70
85748,25,23,0,13,73
85749,25,23,0,11,67
85750,25,22,0,13,86
85751,25,23,0,13,73
85752,25,23,0,11,61
85753,25,23,0,16,82
85754,25,21,0,12,110
85755,25,23,0,16,104
85756,25,23,0,11,63
85757,25,23,0,11,63
85758,25,23,1,11,119
85759,25,23,0,13,72
85760,25,23,0,13,72
85761,25,23,0,13,70
85762,25,21,1,7,89
85763,25,23,0,11,63
85764,25,23,0,11,61
85765,25,23,0,11,70
85766,25,21,1,18,93
85767,25,22,0,23,104
85768,25,23,0,13,72
85769,25,21,1,17,86
85770,25,21,0,9,92
85771,25,22,0,13,84
85772,25,23,1,11,121
85773,25,23,1,11,121
85774,25,21,0,10,96
85775,25,21,0,20,110
85776,25,23,0,12,73
85777,25,22,1,8,70
85778,25,23,0,12,73
85779,25,23,0,11,67
85780,25,22,0,13,87
85781,25,23,0,12,73
85782,25,23,0,11,61
85783,25,22,0,16,83
85784,25,21,0,12,111
85785,25,23,0,16,105
85786,25,23,0,11,62
85787,25,23,0,11,62
85788,25,23,1,11,120
85789,25,23,0,12,72
85790,25,23,0,12,72
85791,25,23,0,12,70
85792,25,21,1,7,90
85793,25,23,0,11,62
85794,25,23,0,11,61
85795,25,23,0,11,70
85796,25,21,1,18,94
85797,25,21,0,23,105
85798,25,23,0,12,72
85799,25,20,1,17,86
85800,25,21,0,9,93
85801,25,22,0,13,85
85802,25,23,1,11,123
85803,25,23,1,11,122
85804,25,21,1,10,97
85805,25,21,0,20,111
85806,25,22,0,12,73
85807,25,22,1,8,70
85808,25,22,0,12,73
85809,25,22,0,11,67
85810,25,22,0,13,87
85811,25,22,0,12,73
85812,25,22,0,11,60
85813,25,22,0,16,83
85814,25,21,0,12,112
85815,25,22,0,16,106
85816,25,22,0,11,62
85817,25,22,0,11,62
85818,25,23,1,11,122
85819,25,22,0,12,72
85820,25,22,0,12,72
85821,25,22,0,12,70
85822,25,21,1,7,90
85823,25,22,0,11,62
85824,25,22,0,11,60
85825,25,22,0,11,70
85826,25,21,1,18,94
85827,25,21,1,23,106
85828,25,22,0,12,72
85829,25,20,1,17,86
85830,25,21,1,9,93
85831,25,22,1,14,85
85832,25,23,2,11,124
85833,25,23,2,11,124
85834,25,21,1,10,98
85835,25,21,1,21,113
85836,25,22,1,12,73
85837,25,22,2,8,70
85838,25,22,1,12,73
85839,25,22,1,11,67
85840,25,22,1,14,88
85841,25,22,1,12,73
85842,25,22,1,11,60
85843,25,22,1,16,83
85844,25,21,1,12,113
85845,25,22,1,16,107
85846,25,22,1,11,61
85847,25,22,1,11,61
85848,25,23,2,11,124
85849,25,22,1,12,72
85850,25,22,1,12,72
85851,25,22,1,12,69
85852,25,21,1,8,91
85853,25,22,1,11,61
85854,25,22,1,11,60
85855,25,22,1,11,70
85856,25,21,2,19,95
85857,25,21,1,24,106
85858,25,22,1,12,72
85859,25,20,2,18,87
85860,25,21,1,9,94
85861,25,21,2,14,86
85862,25,23,3,12,126
85863,25,23,3,12,125
85864,25,21,2,10,99
85865,25,21,1,21,114
85866,25,22,2,12,73
85867,25,22,3,8,70
85868,25,22,2,12,73
85869,25,22,3,11,66
85870,25,21,2,14,88
85871,25,22,2,12,73
85872,25,22,3,11,59
85873,25,22,1,16,84
85874,25,21,2,12,115
85875,25,22,1,16,108
85876,25,22,3,11,60
85877,25,22,3,11,60
85878,25,23,3,12,125
85879,25,22,2,12,72
85880,25,22,2,12,72
85881,25,22,2,12,69
85882,25,21,2,8,92
85883,25,22,3,11,60
85884,25,22,3,11,59
85885,25,22,3,11,70
85886,25,21,3,19,95
85887,25,21,1,23,108
85888,25,22,2,12,72
85889,25,20,2,18,87
85890,25,21,2,9,95
85891,25,24,0,14,86
85892,25,25,0,13,111
85893,25,25,0,13,111
85894,25,23,0,10,100
85895,25,23,0,20,108
85896,25,25,0,13,78
85897,25,24,1,8,83
85898,25,25,0,13,78
85899,25,24,0,12,77
85900,25,24,0,14,88
85901,25,25,0,13,78
85902,25,24,0,12,72
85903,25,25,0,16,85
85904,25,23,0,13,107
85905,25,25,0,17,97
85906,25,24,0,12,74
85907,25,24,0,12,74
85908,25,25,0,13,110
85909,25,25,0,13,77
85910,25,25,0,13,77
85911,25,25,0,13,76
85912,25,22,0,8,98
85913,25,24,0,12,74
85914,25,24,0,12,73
85915,25,24,0,12,79
85916,25,23,1,19,101
85917,25,24,0,23,105
85918,25,25,0,13,77
85919,25,22,1,18,96
85920,25,23,0,10,95
85921,25,23,0,14,87
85922,25,24,0,13,112
85923,25,24,0,13,111
85924,25,22,0,10,100
85925,25,22,0,20,109
85926,25,24,0,12,78
85927,25,23,1,8,83
85928,25,24,0,12,78
85929,25,23,0,11,77
85930,25,23,0,14,88
85931,25,24,0,12,78
85932,25,23,0,11,72
85933,25,24,0,15,85
85934,25,22,0,13,108
85935,25,24,0,17,97
85936,25,23,0,11,74
85937,25,23,0,11,74
85938,25,24,0,13,111
85939,25,24,0,12,77
85940,25,24,0,12,78
85941,25,24,0,12,76
85942,25,22,0,8,98
85943,25,23,0,11,74
85944,25,23,0,11,73
85945,25,23,0,11,79
85946,25,22,1,18,102
85947,25,23,0,22,105
85948,25,24,0,12,77
85949,25,21,1,17,97
85950,25,22,0,9,96
85951,25,23,0,14,87
85952,25,24,0,13,112
85953,25,24,0,13,112
85954,25,22,0,10,101
85955,25,22,0,20,109
85956,25,24,0,13,78
85957,25,23,1,8,84
85958,25,24,0,13,78
85959,25,23,0,12,78
85960,25,23,0,14,89
85961,25,24,0,13,78
85962,25,23,0,12,72
85963,25,24,0,16,85
85964,25,22,0,13,109
85965,25,24,0,17,98
85966,25,23,0,12,74
85967,25,23,0,12,74
85968,25,24,0,13,112
85969,25,24,0,13,77
85970,25,24,0,13,78
85971,25,24,0,13,76
85972,25,22,0,8,99
85973,25,23,0,12,74
85974,25,23,0,12,73
85975,25,23,0,12,80
85976,25,22,1,19,102
85977,25,23,0,23,106
85978,25,24,0,13,77
85979,25,21,1,18,97
85980,25,22,0,10,96
85981,25,23,0,14,87
85982,25,24,0,12,113
85983,25,24,0,12,113
85984,25,22,0,10,102
85985,25,22,0,20,110
85986,25,24,0,13,78
85987,25,23,1,8,84
85988,25,24,0,13,78
85989,25,23,0,12,78
85990,25,23,0,14,89
85991,25,24,0,13,78
85992,25,23,0,12,72
85993,25,24,0,16,85
85994,25,22,0,13,109
85995,25,24,0,17,98
85996,25,23,0,12,74
85997,25,23,0,12,74
85998,25,24,0,12,113
85999,25,24,0,13,78
86000,25,24,0,13,78
86001,25,24,0,13,76
86002,25,22,1,8,99
86003,25,23,0,12,74
86004,25,23,0,12,73
86005,25,23,0,12,80
86006,25,22,1,19,103
86007,25,23,0,23,106
86008,25,24,0,13,78
86009,25,21,1,18,98
86010,25,22,0,10,97
86011,25,23,0,14,88
86012,25,24,0,12,114
86013,25,24,0,12,114
86014,25,22,0,10,102
86015,25,22,0,20,111
86016,25,23,0,12,79
86017,25,23,1,8,85
86018,25,23,0,12,79
86019,25,23,0,12,78
86020,25,23,0,14,89
86021,25,23,0,12,79
86022,25,23,0,12,72
86023,25,24,0,16,86
86024,25,22,0,12,110
86025,25,24,0,17,98
86026,25,23,0,12,74
86027,25,23,0,12,74
86028,25,24,0,12,114
86029,25,23,0,12,78
86030,25,23,0,12,78
86031,25,23,0,12,76
86032,25,21,1,8,100
86033,25,23,0,12,74
86034,25,23,0,12,73
86035,25,23,0,12,80
86036,25,22,1,19,103
86037,25,23,0,23,107
86038,25,23,0,12,78
86039,25,21,1,18,98
86040,25,22,0,9,97
86041,25,23,0,14,88
86042,25,24,1,12,115
86043,25,24,1,12,115
86044,25,22,0,10,103
86045,25,22,0,21,111
86046,25,24,0,13,79
86047,25,23,1,8,85
86048,25,24,0,13,79
86049,25,23,0,12,78
86050,25,23,0,14,90
86051,25,24,0,13,79
86052,25,23,0,12,72
86053,25,24,0,16,86
86054,25,22,0,13,111
86055,25,24,0,17,99
86056,25,23,0,12,74
86057,25,23,0,12,74
86058,25,24,1,12,114
86059,25,24,0,13,78
86060,25,24,0,13,78
86061,25,24,0,13,76
86062,25,22,1,8,100
86063,25,23,0,12,74
86064,25,23,0,12,73
86065,25,23,0,12,81
86066,25,22,1,19,104
86067,25,23,0,24,107
86068,25,24,0,13,78
86069,25,21,1,18,98
86070,25,22,0,9,97
86071,25,22,0,14,88
86072,25,23,1,12,116
86073,25,23,1,12,115
86074,25,21,0,11,104
86075,25,21,0,21,112
86076,25,23,0,13,79
86077,25,22,1,9,85
86078,25,23,0,13,79
86079,25,23,0,12,78
86080,25,22,0,14,90
86081,25,23,0,13,79
86082,25,23,0,12,72
86083,25,23,0,16,86
86084,25,21,0,13,111
86085,25,23,0,17,99
86086,25,23,0,12,74
86087,25,23,0,12,74
86088,25,23,1,12,115
86089,25,23,0,13,78
86090,25,23,0,13,78
86091,25,23,0,13,76
86092,25,21,1,8,101
86093,25,23,0,12,74
86094,25,23,0,12,73
86095,25,23,0,12,81
86096,25,21,1,19,104
86097,25,22,0,24,108
86098,25,23,0,13,78
86099,25,20,1,19,99
86100,25,21,0,10,98
86101,25,22,0,15,89
86102,25,23,1,12,117
86103,25,23,1,12,116
86104,25,21,0,11,104
86105,25,21,0,22,112
86106,25,23,0,14,79
86107,25,23,1,9,86
86108,25,23,0,14,79
86109,25,23,0,13,78
86110,25,22,0,15,90
86111,25,23,0,14,79
86112,25,23,0,13,72
86113,25,23,0,17,86
86114,25,21,0,13,112
86115,25,23,0,17,100
86116,25,23,0,13,74
86117,25,23,0,13,74
86118,25,23,1,12,116
86119,25,23,0,14,78
86120,25,23,0,14,79
86121,25,23,0,14,76
86122,25,21,1,9,101
86123,25,23,0,13,74
86124,25,23,0,13,73
86125,25,23,0,13,81
86126,25,21,1,20,105
86127,25,22,0,24,108
86128,25,23,0,14,78
86129,25,21,1,19,99
86130,25,21,0,10,98
86131,25,23,0,15,89
86132,25,23,1,12,117
86133,25,23,1,12,117
86134,25,21,0,11,105
86135,25,21,0,22,113
86136,25,23,0,14,79
86137,25,23,1,9,86
86138,25,23,0,14,79
86139,25,23,0,13,78
86140,25,23,0,15,90
86141,25,23,0,14,79
86142,25,23,0,13,72
86143,25,23,0,17,86
86144,25,21,0,13,113
86145,25,23,0,17,100
86146,25,23,0,13,74
86147,25,23,0,13,74
86148,25,23,1,12,117
86149,25,23,0,14,78
86150,25,23,0,14,79
86151,25,23,0,14,76
86152,25,21,1,8,102
86153,25,23,0,13,74
86154,25,23,0,13,73
86155,25,23,0,13,81
86156,25,21,1,20,105
86157,25,22,0,24,109
86158,25,23,0,14,78
86159,25,21,1,19,99
86160,25,21,0,10,99
86161,25,21,1,14,89
86162,25,22,1,12,118
86163,25,22,1,12,118
86164,25,20,1,11,105
86165,25,20,1,21,113
86166,25,22,1,13,79
86167,25,21,2,9,86
86168,25,22,1,13,79
86169,25,22,1,12,78
86170,25,21,1,14,91
86171,25,22,1,13,79
86172,25,22,1,12,72
86173,25,22,1,17,86
86174,25,20,1,13,113
86175,25,22,1,17,101
86176,25,22,1,12,74
86177,25,22,1,12,74
86178,25,22,1,12,118
86179,25,22,1,13,78
86180,25,22,1,13,79
86181,25,22,1,13,76
86182,25,20,1,8,102
86183,25,22,1,12,74
86184,25,22,1,12,72
86185,25,22,1,12,81
86186,25,20,1,19,105
86187,25,21,1,24,109
86188,25,22,1,13,78
86189,25,19,2,18,100
86190,25,20,1,10,99
86191,25,21,1,14,89
86192,25,23,1,13,119
86193,25,22,1,13,119
86194,25,20,1,11,106
86195,25,20,1,21,114
86196,25,22,1,13,79
86197,25,21,2,9,86
86198,25,22,1,13,79
86199,25,22,1,12,78
86200,25,21,1,14,91
86201,25,22,1,13,79
86202,25,22,1,12,72
86203,25,22,1,17,87
86204,25,20,1,13,114
86205,25,22,1,17,101
86206,25,22,1,12,73
86207,25,22,1,12,73
86208,25,23,1,13,118
86209,25,22,1,13,78
86210,25,22,1,13,78
86211,25,22,1,13,76
86212,25,20,1,8,103
86213,25,22,1,12,74
86214,25,22,1,12,72
86215,25,22,1,12,81
86216,25,20,2,19,106
86217,25,21,1,24,110
86218,25,22,1,13,78
86219,25,20,2,18,100
86220,25,20,1,10,99
86221,25,21,2,14,89
86222,25,22,2,13,120
86223,25,22,2,13,119
86224,25,20,2,11,106
86225,25,20,1,21,114
86226,25,21,2,14,79
86227,25,21,2,9,86
86228,25,21,2,14,79
86229,25,21,2,12,78
86230,25,21,2,14,91
86231,25,21,2,14,79
86232,25,21,2,12,71
86233,25,21,1,17,87
86234,25,19,1,13,114
86235,25,21,1,18,101
86236,25,21,2,12,73
86237,25,21,2,12,73
86238,25,22,2,13,119
86239,25,21,2,13,78
86240,25,21,2,13,78
86241,25,21,2,14,76
86242,25,19,2,8,103
86243,25,21,2,12,73
86244,25,21,2,12,72
86245,25,21,2,12,81
86246,25,20,2,20,106
86247,25,21,1,24,110
86248,25,21,2,14,78
86249,25,19,2,19,100
86250,25,20,2,10,99
86251,25,19,2,15,89
86252,25,20,2,13,120
86253,25,20,2,13,120
86254,25,18,2,11,107
86255,25,18,1,22,115
86256,25,19,2,14,79
86257,25,19,2,9,86
86258,25,19,2,14,79
86259,25,19,2,13,78
86260,25,19,2,15,91
86261,25,19,2,14,79
86262,25,19,2,13,71
86263,25,19,1,17,87
86264,25,18,2,13,115
86265,25,19,1,18,102
86266,25,19,2,13,73
86267,25,19,2,13,73
86268,25,20,2,13,120
86269,25,19,2,14,78
86270,25,19,2,14,78
86271,25,19,2,14,75
86272,25,18,2,9,104
86273,25,19,2,13,73
86274,25,19,2,13,71
86275,25,19,2,13,81
86276,25,18,2,20,106
86277,25,19,1,24,110
86278,25,19,2,14,77
86279,25,17,2,19,100
86280,25,18,2,10,100
86281,25,23,0,14,89
86282,25,23,1,13,121
86283,25,23,1,13,121
86284,25,22,1,11,107
86285,25,22,0,21,115
86286,25,23,0,13,78
86287,25,23,1,9,86
86288,25,23,0,13,78
86289,25,23,1,12,77
86290,25,23,0,14,91
86291,25,23,0,13,78
86292,25,23,1,12,70
86293,25,23,0,17,87
86294,25,22,0,13,116
86295,25,23,0,17,102
86296,25,23,1,12,72
86297,25,23,1,12,72
86298,25,23,1,13,121
86299,25,23,0,13,77
86300,25,23,0,13,78
86301,25,23,0,13,75
86302,25,21,1,8,104
86303,25,23,1,12,72
86304,25,23,1,12,70
86305,25,23,1,12,80
86306,25,22,1,19,107
86307,25,22,0,24,111
86308,25,23,0,13,77
86309,25,21,1,19,101
86310,25,22,1,10,100
86311,25,24,0,14,89
86312,25,24,1,13,122
86313,25,24,1,13,121
86314,25,22,0,11,108
86315,25,23,0,21,115
86316,25,24,0,14,78
86317,25,24,1,9,86
86318,25,24,0,14,78
86319,25,24,0,12,77
86320,25,24,0,14,91
86321,25,24,0,14,78
86322,25,24,0,13,69
86323,25,24,0,17,87
86324,25,22,0,13,116
86325,25,24,0,17,102
86326,25,24,0,12,71
86327,25,24,0,12,71
86328,25,24,1,13,121
86329,25,24,0,14,77
86330,25,24,0,14,77
86331,25,24,0,14,75
86332,25,22,1,8,105
86333,25,24,0,12,72
86334,25,24,0,13,70
86335,25,24,0,12,80
86336,25,22,1,19,107
86337,25,24,0,24,111
86338,25,24,0,14,77
86339,25,22,1,18,101
86340,25,22,0,10,100
86341,25,24,0,14,89
86342,25,25,1,13,123
86343,25,25,1,13,122
86344,25,23,0,11,108
86345,25,23,0,21,116
86346,25,24,0,14,78
86347,25,24,1,9,86
86348,25,24,0,14,78
86349,25,24,0,12,76
86350,25,24,0,14,91
86351,25,24,0,14,78
86352,25,24,0,13,69
86353,25,24,0,17,86
86354,25,22,0,13,117
86355,25,24,0,17,103
86356,25,24,0,12,71
86357,25,24,0,12,71
86358,25,25,1,13,122
86359,25,24,0,14,76
86360,25,24,0,14,77
86361,25,24,0,14,74
86362,25,22,1,8,105
86363,25,24,0,13,71
86364,25,24,0,13,69
86365,25,24,0,12,80
86366,25,23,1,19,107
86367,25,24,0,24,111
86368,25,24,0,14,76
86369,25,22,1,18,101
86370,25,23,0,10,100
86371,25,24,0,14,89
86372,25,25,1,13,123
86373,25,25,1,13,123
86374,25,23,0,11,109
86375,25,23,0,21,116
86376,25,24,0,13,77
86377,25,24,1,9,86
86378,25,24,0,13,77
86379,25,24,0,12,76
86380,25,24,0,14,91
86381,25,24,0,13,77
86382,25,24,0,12,68
86383,25,24,0,17,86
86384,25,23,0,13,117
86385,25,24,0,17,103
86386,25,24,0,12,70
86387,25,24,0,12,70
86388,25,25,1,13,123
86389,25,24,0,13,76
86390,25,24,0,13,77
86391,25,24,0,13,74
86392,25,22,1,8,105
86393,25,24,0,12,70
86394,25,24,0,12,68
86395,25,24,0,12,79
86396,25,23,1,19,107
86397,25,24,0,24,112
86398,25,24,0,13,76
86399,25,22,1,18,101
86400,25,23,0,10,100
86401,25,23,1,14,89
86402,25,24,1,13,124
86403,25,24,1,13,124
86404,25,22,1,10,109
86405,25,22,0,21,117
86406,25,23,1,12,77
86407,25,23,1,9,86
86408,25,23,1,12,77
86409,25,23,1,11,75
86410,25,23,1,14,91
86411,25,23,1,12,77
86412,25,23,1,11,67
86413,25,23,0,16,86
86414,25,22,1,12,118
86415,25,23,1,17,103
86416,25,23,1,11,69
86417,25,23,1,11,69
86418,25,24,1,13,124
86419,25,23,1,12,75
86420,25,23,1,12,76
86421,25,23,1,12,73
86422,25,22,1,8,106
86423,25,23,1,11,69
86424,25,23,1,11,67
86425,25,23,1,11,78
86426,25,22,1,19,108
86427,25,23,0,23,112
86428,25,23,1,12,75
86429,25,22,1,18,101
86430,25,22,1,10,101
86431,25,23,1,14,89
86432,25,24,1,13,125
86433,25,24,1,13,125
86434,25,22,1,10,110
86435,25,22,1,21,117
86436,25,23,1,12,76
86437,25,23,2,9,85
86438,25,23,1,12,76
86439,25,23,1,11,74
86440,25,23,1,14,91
86441,25,23,1,12,76
86442,25,23,1,11,66
86443,25,23,1,16,86
86444,25,22,1,12,118
86445,25,23,1,17,103
86446,25,23,1,11,68
86447,25,23,1,11,68
86448,25,24,1,13,124
86449,25,23,1,12,75
86450,25,23,1,12,75
86451,25,23,1,12,73
86452,25,22,1,8,106
86453,25,23,1,11,68
86454,25,23,1,11,66
86455,25,23,1,11,78
86456,25,22,1,19,108
86457,25,23,1,23,112
86458,25,23,1,12,75
86459,25,21,2,18,101
86460,25,22,1,10,101
86461,25,24,0,14,89
86462,25,24,1,13,126
86463,25,24,1,13,125
86464,25,23,1,10,110
86465,25,23,0,21,117
86466,25,24,1,12,75
86467,25,23,1,9,85
86468,25,24,1,12,75
86469,25,24,1,11,73
86470,25,24,0,14,91
86471,25,24,1,12,76
86472,25,24,1,11,65
86473,25,24,0,16,86
86474,25,23,1,12,119
86475,25,24,0,17,104
86476,25,24,1,11,67
86477,25,24,1,11,67
86478,25,24,1,13,125
86479,25,24,1,12,74
86480,25,24,1,12,75
86481,25,24,1,12,72
86482,25,22,1,8,106
86483,25,24,1,11,67
86484,25,24,1,11,65
86485,25,24,1,11,77
86486,25,23,1,19,108
86487,25,24,0,23,113
86488,25,24,1,12,74
86489,25,22,1,18,102
86490,25,23,1,10,101
86491,25,24,1,13,89
86492,25,25,1,13,127
86493,25,25,1,13,126
86494,25,23,1,10,111
86495,25,23,0,20,118
86496,25,24,1,12,75
86497,25,24,1,9,85
86498,25,24,1,12,75
86499,25,24,1,11,72
86500,25,24,0,13,91
86501,25,24,1,12,75
86502,25,24,1,11,64
86503,25,25,0,16,86
86504,25,23,1,12,120
86505,25,25,0,17,104
86506,25,24,1,11,65
86507,25,24,1,11,65
86508,25,25,1,13,126
86509,25,24,1,12,74
86510,25,24,1,12,74
86511,25,24,1,12,71
86512,25,23,1,8,107
86513,25,24,1,11,66
86514,25,24,1,11,64
86515,25,24,1,11,76
86516,25,23,1,19,109
86517,25,24,0,23,113
86518,25,24,1,12,74
86519,25,23,1,18,102
86520,25,23,1,10,101
86521,25,24,0,13,89
86522,25,25,1,13,128
86523,25,25,1,13,127
86524,25,23,1,10,112
86525,25,24,0,21,118
86526,25,25,1,12,74
86527,25,24,1,9,84
86528,25,25,1,12,74
86529,25,24,1,11,71
86530,25,24,0,13,91
86531,25,25,1,12,74
86532,25,24,1,11,62
86533,25,25,0,16,86
86534,25,23,1,12,120
86535,25,25,0,17,104
86536,25,24,1,11,64
86537,25,24,1,11,64
86538,25,25,1,13,127
86539,25,25,1,12,73
86540,25,25,1,12,74
86541,25,25,1,12,71
86542,25,23,1,8,107
86543,25,24,1,11,64
86544,25,24,1,11,62
86545,25,24,1,11,75
86546,25,24,1,19,109
86547,25,25,0,23,114
86548,25,25,1,12,73
86549,25,23,1,18,102
86550,25,23,1,10,102
86551,25,24,0,13,89
86552,25,25,1,13,129
86553,25,25,1,13,128
86554,25,23,0,10,113
86555,25,24,0,21,119
86556,25,25,0,12,74
86557,25,24,1,9,84
86558,25,25,0,12,74
86559,25,24,0,11,70
86560,25,24,0,13,91
86561,25,25,0,12,74
86562,25,24,0,11,61
86563,25,25,0,16,86
86564,25,23,0,12,121
86565,25,25,0,17,105
86566,25,24,0,11,63
86567,25,24,0,11,63
86568,25,25,1,13,128
86569,25,25,0,12,72
86570,25,25,0,12,73
86571,25,25,0,12,70
86572,25,23,1,8,108
86573,25,24,0,11,63
86574,25,24,0,11,61
86575,25,24,0,11,74
86576,25,24,1,19,109
86577,25,25,0,23,114
86578,25,25,0,12,73
86579,25,23,1,18,102
86580,25,23,1,10,102
86581,25,24,0,13,89
86582,25,25,1,12,130
86583,25,25,1,12,129
86584,25,23,0,10,113
86585,25,24,0,20,120
86586,25,25,0,11,73
86587,25,24,1,8,84
86588,25,25,0,11,73
86589,25,24,1,11,69
86590,25,24,0,13,92
86591,25,25,0,11,73
86592,25,24,1,11,60
86593,25,25,0,15,86
86594,25,23,0,12,122
86595,25,25,0,17,105
86596,25,24,1,11,61
86597,25,24,1,11,61
86598,25,25,1,12,129
86599,25,25,0,11,72
86600,25,25,0,11,72
86601,25,25,0,11,69
86602,25,23,1,8,108
86603,25,24,1,11,62
86604,25,24,1,11,60
86605,25,24,1,11,73
86606,25,24,1,19,110
86607,25,25,0,23,115
86608,25,25,0,11,72
86609,25,23,1,18,103
86610,25,23,1,10,102
86611,25,24,0,13,89
86612,25,25,1,12,131
86613,25,25,1,12,131
86614,25,23,1,9,114
86615,25,23,0,20,120
86616,25,24,0,11,72
86617,25,24,1,8,84
86618,25,24,0,11,72
86619,25,24,1,11,68
86620,25,24,0,13,92
86621,25,24,0,11,73
86622,25,24,1,11,58
86623,25,25,0,15,86
86624,25,23,0,11,123
86625,25,24,0,17,106
86626,25,24,1,11,60
86627,25,24,1,11,60
86628,25,25,1,12,130
86629,25,24,0,11,71
86630,25,24,0,11,72
86631,25,24,0,11,69
86632,25,23,1,8,109
86633,25,24,1,11,60
86634,25,24,1,11,58
86635,25,24,1,11,72
86636,25,23,1,18,110
86637,25,24,0,22,115
86638,25,24,0,11,71
86639,25,22,1,17,103
86640,25,23,1,9,103
86641,25,24,0,13,90
86642,25,25,1,12,133
86643,25,25,1,12,132
86644,25,23,1,10,115
86645,25,23,0,20,121
86646,25,24,0,11,72
86647,25,24,2,8,84
86648,25,24,0,11,72
86649,25,24,1,11,66
86650,25,24,0,13,92
86651,25,24,0,11,72
86652,25,24,1,11,57
86653,25,24,0,15,86
86654,25,23,0,11,124
86655,25,24,0,17,106
86656,25,24,1,11,58
86657,25,24,1,11,58
86658,25,25,1,12,132
86659,25,24,0,11,70
86660,25,24,0,11,71
86661,25,24,0,11,68
86662,25,23,1,8,110
86663,25,24,1,11,59
86664,25,24,1,11,57
86665,25,24,1,11,71
86666,25,23,1,18,111
86667,25,24,0,22,116
86668,25,24,0,11,71
86669,25,22,2,17,103
86670,25,23,1,9,103
86671,25,24,0,13,90
86672,25,25,1,12,134
86673,25,25,1,12,133
86674,25,23,0,10,116
86675,25,23,0,20,122
86676,25,24,0,11,71
86677,25,24,1,8,84
86678,25,24,0,11,71
86679,25,24,0,11,65
86680,25,24,0,13,92
86681,25,24,0,11,71
86682,25,24,0,11,55
86683,25,24,0,16,86
86684,25,23,0,12,125
86685,25,24,0,18,107
86686,25,24,0,11,57
86687,25,24,0,11,57
86688,25,25,1,12,133
86689,25,24,0,11,70
86690,25,24,0,11,71
86691,25,24,0,11,67
86692,25,23,1,8,111
86693,25,24,0,11,57
86694,25,24,0,11,55
86695,25,24,0,11,70
86696,25,23,1,19,111
86697,25,24,0,23,116
86698,25,24,0,11,70
86699,25,22,1,18,104
86700,25,23,1,10,103
86701,25,24,0,14,90
86702,25,25,1,13,135
86703,25,25,1,13,135
86704,25,23,0,10,118
86705,25,23,0,20,122
86706,25,24,0,11,71
86707,25,24,1,8,84
86708,25,24,0,11,71
86709,25,24,0,11,63
86710,25,24,0,14,93
86711,25,24,0,11,71
86712,25,24,0,11,54
86713,25,24,0,16,86
86714,25,23,0,12,126
86715,25,24,0,18,107
86716,25,24,0,11,55
86717,25,24,0,11,55
86718,25,25,1,13,134
86719,25,24,0,11,69
86720,25,24,0,11,70
86721,25,24,0,11,67
86722,25,23,1,8,112
86723,25,24,0,11,55
86724,25,24,0,11,53
86725,25,24,0,11,69
86726,25,23,1,19,112
86727,25,24,0,23,117
86728,25,24,0,11,70
86729,25,22,1,18,104
86730,25,23,1,9,104
86731,25,23,0,16,141
86732,25,24,1,14,176
86733,25,24,1,14,173
86734,25,23,1,12,180
86735,25,24,0,23,132
86736,25,23,1,15,209
86737,25,23,1,11,225
86738,25,23,1,15,209
86739,25,23,1,14,232
86740,25,23,0,16,136
86741,25,23,1,15,208
86742,25,23,1,14,231
86743,25,23,0,17,130
86744,25,23,0,15,150
86745,25,24,1,19,124
86746,25,23,1,14,232
86747,25,23,1,14,232
86748,25,24,1,14,172
86749,25,23,1,15,206
86750,25,23,1,15,207
86751,25,23,1,15,205
86752,25,23,1,9,160
86753,25,23,1,14,232
86754,25,23,1,14,232
86755,25,23,1,14,232
86756,25,24,0,20,122
86757,25,24,0,24,131
86758,25,23,1,15,206
86759,25,23,1,18,131
86760,25,23,1,12,112
86761,25,23,0,16,143
86762,25,23,1,14,178
86763,25,23,1,14,175
86764,25,22,1,12,182
86765,25,23,0,23,133
86766,25,23,1,15,210
86767,25,23,1,11,226
86768,25,23,1,15,210
86769,25,23,1,14,232
86770,25,23,0,16,138
86771,25,23,1,14,210
86772,25,23,1,14,232
86773,25,23,0,17,132
86774,25,22,0,15,152
86775,25,23,1,19,125
86776,25,23,1,14,233
86777,25,23,1,14,233
86778,25,23,1,14,175
86779,25,23,1,14,208
86780,25,23,1,14,208
86781,25,23,1,15,207
86782,25,22,1,9,162
86783,25,23,1,14,233
86784,25,23,1,14,233
86785,25,23,1,14,233
86786,25,23,0,20,123
86787,25,23,0,24,131
86788,25,23,1,14,207
86789,25,22,1,18,131
86790,25,22,1,12,113
86791,25,22,0,14,145
86792,25,23,1,15,180
86793,25,23,1,15,177
86794,25,22,1,11,185
86795,25,23,0,22,134
86796,25,22,1,15,212
86797,25,22,1,11,227
86798,25,22,1,15,212
86799,25,22,1,15,233
86800,25,22,0,14,140
86801,25,23,1,15,211
86802,25,22,1,15,233
86803,25,23,0,16,133
86804,25,22,0,13,154
86805,25,23,1,17,127
86806,25,22,1,15,233
86807,25,22,1,15,233
86808,25,23,1,15,177
86809,25,23,1,15,210
86810,25,23,1,15,210
86811,25,23,1,15,209
86812,25,22,1,9,164
86813,25,22,1,15,233
86814,25,22,1,15,234
86815,25,22,1,15,233
86816,25,23,0,20,124
86817,25,23,0,23,132
86818,25,23,1,15,209
86819,25,22,1,17,132
86820,25,22,1,10,114
86821,25,23,0,14,148
86822,25,23,1,15,182
86823,25,23,1,15,179
86824,25,22,1,10,187
86825,25,23,0,21,135
86826,25,23,1,14,213
86827,25,23,1,11,228
86828,25,23,1,14,213
86829,25,23,1,14,234
86830,25,23,0,14,142
86831,25,23,1,14,213
86832,25,23,1,14,234
86833,25,23,0,15,135
86834,25,22,0,13,156
86835,25,23,1,17,128
86836,25,23,1,14,234
86837,25,23,1,14,234
86838,25,23,1,15,179
86839,25,23,1,14,211
86840,25,23,1,14,211
86841,25,23,1,14,210
86842,25,22,1,9,166
86843,25,23,1,14,234
86844,25,23,1,14,234
86845,25,23,1,14,234
86846,25,23,0,19,124
86847,25,23,0,23,133
86848,25,23,1,14,210
86849,25,22,1,17,133
86850,25,22,1,10,115
86851,25,24,0,13,150
86852,25,24,1,13,184
86853,25,24,1,13,181
86854,25,23,1,9,190
86855,25,24,0,20,136
86856,25,23,1,13,215
86857,25,23,1,10,229
86858,25,23,1,13,215
86859,25,23,1,13,234
86860,25,24,0,13,145
86861,25,24,1,13,214
86862,25,23,1,13,234
86863,25,24,0,14,136
86864,25,24,0,12,158
86865,25,24,1,16,129
86866,25,23,1,13,235
86867,25,23,1,13,235
86868,25,24,1,13,181
86869,25,24,1,13,213
86870,25,24,1,13,213
86871,25,24,1,13,212
86872,25,23,1,8,168
86873,25,23,1,13,235
86874,25,23,1,13,235
86875,25,23,1,13,235
86876,25,24,0,18,125
86877,25,24,0,21,134
86878,25,24,1,13,212
86879,25,24,1,16,133
86880,25,23,1,9,117
86881,25,24,1,12,153
86882,25,25,1,13,186
86883,25,25,1,13,183
86884,25,24,1,9,192
86885,25,24,0,19,137
86886,25,24,1,12,216
86887,25,24,2,10,230
86888,25,24,1,12,216
86889,25,24,1,12,235
86890,25,24,1,12,147
86891,25,24,1,12,216
86892,25,24,1,12,235
86893,25,24,1,13,138
86894,25,24,1,11,159
86895,25,24,1,15,130
86896,25,24,1,12,236
86897,25,24,1,12,236
86898,25,25,1,13,183
86899,25,24,1,12,214
86900,25,24,1,12,214
86901,25,24,1,12,213
86902,25,24,1,7,171
86903,25,24,1,12,235
86904,25,24,1,12,236
86905,25,24,1,12,235
86906,25,25,0,17,125
86907,25,25,0,21,134
86908,25,24,1,12,213
86909,25,24,1,15,134
86910,25,24,1,9,118
86911,25,24,1,12,155
86912,25,25,1,13,188
86913,25,25,1,13,185
86914,25,24,1,8,194
86915,25,24,0,19,138
86916,25,24,1,12,217
86917,25,24,2,10,231
86918,25,24,1,12,217
86919,25,24,1,12,236
86920,25,24,1,12,149
86921,25,24,1,12,217
86922,25,24,1,12,236
86923,25,24,0,13,139
86924,25,24,1,10,161
86925,25,24,1,15,131
86926,25,24,1,12,236
86927,25,24,1,12,236
86928,25,25,1,13,185
86929,25,24,1,12,216
86930,25,24,1,12,216
86931,25,24,1,12,215
86932,25,24,1,7,173
86933,25,24,1,12,236
86934,25,24,1,12,237
86935,25,24,1,12,236
86936,25,25,0,17,126
86937,25,25,0,21,135
86938,25,24,1,12,215
86939,25,24,0,15,135
86940,25,24,1,9,120
86941,25,24,1,12,158
86942,25,25,1,13,189
86943,25,25,1,13,187
86944,25,24,1,8,197
86945,25,24,0,19,139
86946,25,24,1,12,219
86947,25,24,2,10,232
86948,25,24,1,12,219
86949,25,24,2,12,237
86950,25,24,1,12,152
86951,25,24,1,12,218
86952,25,24,2,12,237
86953,25,24,1,13,141
86954,25,24,1,11,163
86955,25,24,1,16,132
86956,25,24,2,12,237
86957,25,24,2,12,237
86958,25,25,1,13,187
86959,25,24,1,12,217
86960,25,24,1,12,217
86961,25,24,1,12,217
86962,25,24,1,7,175
86963,25,24,2,12,237
86964,25,24,2,12,237
86965,25,24,2,12,237
86966,25,25,1,17,127
86967,25,25,0,21,136
86968,25,24,1,12,216
86969,25,24,1,15,135
86970,25,24,1,9,121
86971,25,24,1,12,160
86972,25,25,1,14,191
86973,25,25,1,14,189
86974,25,24,1,9,199
86975,25,24,0,19,140
86976,25,24,1,12,220
86977,25,24,2,10,233
86978,25,24,1,12,220
86979,25,24,1,12,237
86980,25,24,1,12,154
86981,25,24,1,12,220
86982,25,24,1,12,238
86983,25,24,1,13,143
86984,25,24,1,11,165
86985,25,24,1,16,134
86986,25,24,1,12,238
86987,25,24,1,12,238
86988,25,25,1,14,189
86989,25,24,1,12,218
86990,25,24,1,12,219
86991,25,24,1,12,218
86992,25,24,1,7,177
86993,25,24,1,12,238
86994,25,24,1,12,238
86995,25,24,1,12,238
86996,25,25,0,17,127
86997,25,25,0,21,137
86998,25,24,1,12,218
86999,25,24,0,15,136
87000,25,24,1,9,122
87001,25,23,1,12,163
87002,25,24,2,14,193
87003,25,24,2,14,191
87004,25,23,1,9,201
87005,25,24,0,19,141
87006,25,23,2,12,221
87007,25,23,2,10,234
87008,25,23,2,12,221
87009,25,23,2,12,238
87010,25,23,1,12,157
87011,25,23,2,12,221
87012,25,23,2,12,238
87013,25,24,1,14,144
87014,25,23,1,11,167
87015,25,24,1,16,135
87016,25,23,2,12,239
87017,25,23,2,12,239
87018,25,24,2,14,191
87019,25,23,2,12,220
87020,25,23,2,12,220
87021,25,23,2,12,220
87022,25,23,1,8,179
87023,25,23,2,12,239
87024,25,23,2,12,239
87025,25,23,2,12,238
87026,25,25,0,17,128
87027,25,25,0,21,137
87028,25,23,2,12,219
87029,25,24,0,15,136
87030,25,23,2,9,124
87031,25,23,1,12,166
87032,25,24,2,14,195
87033,25,24,2,14,193
87034,25,23,1,9,203
87035,25,24,0,20,141
87036,25,23,2,12,223
87037,25,23,2,10,235
87038,25,23,2,12,223
87039,25,23,2,12,239
87040,25,23,1,12,159
87041,25,23,2,12,222
87042,25,23,2,12,239
87043,25,23,1,14,146
87044,25,23,1,11,169
87045,25,24,1,16,136
87046,25,23,2,12,240
87047,25,23,2,12,240
87048,25,24,2,14,193
87049,25,23,2,12,221
87050,25,23,2,12,221
87051,25,23,2,12,221
87052,25,23,2,8,181
87053,25,23,2,12,239
87054,25,23,2,12,240
87055,25,23,2,12,239
87056,25,24,0,17,128
87057,25,25,0,21,138
87058,25,23,2,12,221
87059,25,23,0,15,137
87060,25,23,2,9,125
87061,25,23,1,12,169
87062,25,24,2,14,197
87063,25,24,2,14,195
87064,25,23,1,9,206
87065,25,23,0,19,142
87066,25,23,2,12,224
87067,25,23,2,10,236
87068,25,23,2,12,224
87069,25,23,2,12,240
87070,25,23,1,12,162
87071,25,23,2,12,224
87072,25,23,2,12,240
87073,25,23,1,14,148
87074,25,23,1,11,171
87075,25,23,1,16,137
87076,25,23,2,12,240
87077,25,23,2,12,240
87078,25,24,2,14,195
87079,25,23,2,12,223
87080,25,23,2,12,223
87081,25,23,2,12,223
87082,25,23,2,8,183
87083,25,23,2,12,240
87084,25,23,2,12,241
87085,25,23,2,12,240
87086,25,24,0,17,129
87087,25,24,0,21,139
87088,25,23,2,12,222
87089,25,23,1,15,137
87090,25,23,2,9,126
87091,25,23,1,12,171
87092,25,24,2,14,199
87093,25,24,2,14,197
87094,25,23,1,9,208
87095,25,23,0,19,143
87096,25,23,2,12,225
87097,25,23,2,10,237
87098,25,23,2,12,225
87099,25,23,2,12,241
87100,25,23,1,12,165
87101,25,23,2,12,225
87102,25,23,2,12,241
87103,25,23,1,13,149
87104,25,23,1,11,173
87105,25,23,1,16,138
87106,25,23,2,12,241
87107,25,23,2,12,241
87108,25,24,2,14,197
87109,25,23,2,12,224
87110,25,23,2,12,224
87111,25,23,2,12,224
87112,25,23,2,8,185
87113,25,23,2,12,241
87114,25,23,2,12,242
87115,25,23,2,12,241
87116,25,24,0,17,129
87117,25,24,0,21,139
87118,25,23,2,12,224
87119,25,23,1,15,138
87120,25,23,2,9,128
87121,25,23,1,12,174
87122,25,24,2,14,200
87123,25,24,2,14,199
87124,25,23,1,9,210
87125,25,24,0,19,144
87126,25,23,2,12,227
87127,25,23,2,10,238
87128,25,23,2,12,227
87129,25,23,2,12,242
87130,25,23,1,12,168
87131,25,23,2,12,227
87132,25,23,2,12,242
87133,25,23,1,13,151
87134,25,23,1,11,175
87135,25,24,1,16,139
87136,25,23,2,12,242
87137,25,23,2,12,242
87138,25,24,2,14,199
87139,25,23,2,12,226
87140,25,23,2,12,226
87141,25,23,2,12,226
87142,25,23,1,7,187
87143,25,23,2,12,242
87144,25,23,2,12,243
87145,25,23,2,12,242
87146,25,24,0,17,130
87147,25,24,0,21,140
87148,25,23,2,12,225
87149,25,23,0,15,138
87150,25,23,1,9,129
87151,25,23,1,11,177
87152,25,23,2,13,202
87153,25,23,2,13,201
87154,25,23,1,8,212
87155,25,23,0,18,145
87156,25,22,1,11,228
87157,25,22,2,9,239
87158,25,22,1,11,228
87159,25,22,2,12,243
87160,25,23,1,11,171
87161,25,22,1,11,228
87162,25,22,2,12,243
87163,25,23,1,13,153
87164,25,23,1,10,177
87165,25,23,1,15,141
87166,25,22,2,12,243
87167,25,22,2,12,243
87168,25,23,2,13,201
87169,25,22,1,11,227
87170,25,22,1,11,227
87171,25,22,1,11,227
87172,25,22,1,7,189
87173,25,22,2,12,243
87174,25,22,2,12,243
87175,25,22,2,12,243
87176,25,24,0,17,130
87177,25,24,0,20,141
87178,25,22,1,11,227
87179,25,23,0,15,139
87180,25,23,1,9,131
87181,25,22,1,11,180
87182,25,23,2,13,204
87183,25,23,2,13,203
87184,25,22,1,9,215
87185,25,23,0,18,146
87186,25,22,2,11,229
87187,25,22,2,10,240
87188,25,22,2,11,229
87189,25,22,2,12,243
87190,25,22,1,11,174
87191,25,22,2,11,229
87192,25,22,2,12,244
87193,25,22,1,13,155
87194,25,22,1,11,179
87195,25,22,1,15,142
87196,25,22,2,12,244
87197,25,22,2,12,244
87198,25,23,2,13,203
87199,25,22,2,11,228
87200,25,22,2,11,228
87201,25,22,2,11,229
87202,25,22,2,7,191
87203,25,22,2,12,244
87204,25,22,2,12,244
87205,25,22,2,12,243
87206,25,23,0,17,130
87207,25,24,0,20,141
87208,25,22,2,11,228
87209,25,22,0,15,139
87210,25,22,1,9,133
87211,25,22,1,12,184
87212,25,23,2,14,206
87213,25,23,2,14,205
87214,25,22,1,9,217
87215,25,23,0,19,147
87216,25,22,2,12,231
87217,25,22,2,10,241
87218,25,22,2,12,231
87219,25,22,2,13,244
87220,25,22,1,12,177
87221,25,22,2,12,231
87222,25,22,2,13,245
87223,25,22,1,14,157
87224,25,22,1,11,181
87225,25,22,1,16,143
87226,25,22,2,13,245
87227,25,22,2,13,245
87228,25,23,2,14,205
87229,25,22,2,12,230
87230,25,22,2,12,230
87231,25,22,2,12,230
87232,25,22,2,8,193
87233,25,22,2,13,245
87234,25,22,2,13,245
87235,25,22,2,13,244
87236,25,23,0,17,131
87237,25,24,0,20,142
87238,25,22,2,12,229
87239,25,22,1,15,140
87240,25,22,2,9,134
87241,25,22,2,13,187
87242,25,23,3,15,208
87243,25,23,3,15,207
87244,25,22,2,10,219
87245,25,23,0,19,148
87246,25,22,3,13,232
87247,25,22,3,11,242
87248,25,22,3,13,232
87249,25,22,3,13,245
87250,25,22,2,13,180
87251,25,22,3,13,232
87252,25,22,3,13,246
87253,25,23,2,14,159
87254,25,22,2,12,183
87255,25,23,1,16,144
87256,25,22,3,13,246
87257,25,22,3,13,246
87258,25,23,3,15,207
87259,25,22,3,13,231
87260,25,22,3,13,231
87261,25,22,3,13,232
87262,25,22,2,8,196
87263,25,22,3,13,245
87264,25,22,3,13,246
87265,25,22,3,13,245
87266,25,24,1,17,131
87267,25,24,0,21,142
87268,25,22,3,13,231
87269,25,23,1,15,140
87270,25,22,2,10,136
87271,25,23,2,13,190
87272,25,24,3,15,210
87273,25,24,3,15,209
87274,25,23,2,10,221
87275,25,23,0,19,149
87276,25,22,3,13,233
87277,25,22,3,11,243
87278,25,22,3,13,233
87279,25,22,3,13,246
87280,25,23,2,13,184
87281,25,22,3,13,233
87282,25,22,3,13,247
87283,25,23,2,14,161
87284,25,23,2,12,185
87285,25,23,1,16,146
87286,25,22,3,13,246
87287,25,22,3,13,246
87288,25,24,3,15,209
87289,25,22,3,13,233
87290,25,22,3,13,232
87291,25,22,3,13,233
87292,25,23,3,8,198
87293,25,22,3,13,246
87294,25,22,3,13,247
87295,25,22,3,13,246
87296,25,24,1,17,132
87297,25,24,0,21,143
87298,25,22,3,13,232
87299,25,23,1,15,141
87300,25,23,3,10,139
87301,25,23,2,13,194
87302,25,24,3,15,211
87303,25,24,3,15,211
87304,25,23,2,10,223
87305,25,24,0,19,149
87306,25,23,3,13,235
87307,25,23,3,11,244
87308,25,23,3,13,235
87309,25,23,3,13,247
87310,25,23,2,13,187
87311,25,23,3,13,234
87312,25,23,3,13,247
87313,25,23,2,14,164
87314,25,23,2,12,188
87315,25,24,1,16,147
87316,25,23,3,13,247
87317,25,23,3,13,247
87318,25,24,3,15,211
87319,25,23,3,13,234
87320,25,23,3,13,234
87321,25,23,3,13,235
87322,25,23,2,8,200
87323,25,23,3,13,247
87324,25,23,3,13,248
87325,25,23,3,13,247
87326,25,25,0,17,132
87327,25,25,0,21,144
87328,25,23,3,13,233
87329,25,24,1,15,141
87330,25,23,2,10,142
87331,25,23,2,13,197
87332,25,24,3,15,213
87333,25,24,3,15,213
87334,25,23,2,10,225
87335,25,24,0,19,151
87336,25,23,3,13,236
87337,25,23,3,11,245
87338,25,23,3,13,236
87339,25,23,3,13,247
87340,25,23,2,13,191
87341,25,23,3,13,235
87342,25,23,3,13,248
87343,25,24,2,14,166
87344,25,23,2,12,190
87345,25,24,1,16,149
87346,25,23,3,13,248
87347,25,23,3,13,248
87348,25,24,3,15,212
87349,25,23,3,13,235
87350,25,23,3,13,235
87351,25,23,3,13,236
87352,25,23,3,8,202
87353,25,23,3,13,248
87354,25,23,3,13,248
87355,25,23,3,13,247
87356,25,25,0,17,133
87357,25,25,0,21,145
87358,25,23,3,13,235
87359,25,24,1,15,142
87360,25,23,3,10,145
87361,25,24,2,13,201
87362,25,25,2,15,215
87363,25,25,2,15,215
87364,25,24,2,10,226
87365,25,24,0,19,152
87366,25,23,2,13,237
87367,25,23,3,11,246
87368,25,23,2,13,237
87369,25,23,2,13,248
87370,25,24,2,13,195
87371,25,23,2,13,237
87372,25,23,2,13,249
87373,25,24,2,14,169
87374,25,24,2,12,192
87375,25,24,1,16,151
87376,25,23,2,13,249
87377,25,23,2,13,249
87378,25,25,2,15,214
87379,25,23,2,13,236
87380,25,23,2,13,236
87381,25,23,2,13,237
87382,25,24,2,8,204
87383,25,23,2,13,249
87384,25,23,2,13,249
87385,25,23,2,13,248
87386,25,25,0,17,133
87387,25,25,0,21,145
87388,25,23,2,13,236
87389,25,24,1,15,142
87390,25,24,2,10,149
87391,25,23,2,13,204
87392,25,24,2,15,216
87393,25,24,2,15,216
87394,25,23,2,9,228
87395,25,24,0,19,153
87396,25,23,2,13,238
87397,25,23,3,11,246
87398,25,23,2,13,238
87399,25,23,3,13,249
87400,25,23,2,13,198
87401,25,23,2,13,238
87402,25,23,3,13,249
87403,25,24,2,14,172
87404,25,24,2,12,195
87405,25,24,1,16,153
87406,25,23,3,13,249
87407,25,23,3,13,249
87408,25,24,2,15,216
87409,25,23,2,13,237
87410,25,23,2,13,237
87411,25,23,2,13,238
87412,25,23,2,8,206
87413,25,23,3,13,249
87414,25,23,3,13,250
87415,25,23,3,13,249
87416,25,25,0,17,134
87417,25,25,0,20,146
87418,25,23,2,13,237
87419,25,24,1,15,143
87420,25,23,2,10,153
87421,25,23,2,12,207
87422,25,24,2,14,218
87423,25,24,2,14,218
87424,25,23,2,9,230
87425,25,24,0,18,154
87426,25,23,2,12,239
87427,25,23,3,10,247
87428,25,23,2,12,239
87429,25,23,2,13,249
87430,25,23,2,12,202
87431,25,23,2,12,239
87432,25,23,2,13,250
87433,25,23,2,13,175
87434,25,23,2,11,197
87435,25,24,1,16,155
87436,25,23,2,13,250
87437,25,23,2,13,250
87438,25,24,2,14,218
87439,25,23,2,12,238
87440,25,23,2,12,238
87441,25,23,2,12,239
87442,25,23,2,8,208
87443,25,23,2,13,250
87444,25,23,2,13,250
87445,25,23,2,13,249
87446,25,25,0,17,134
87447,25,25,0,20,147
87448,25,23,2,12,238
87449,25,24,1,15,144
87450,25,23,2,9,159
87451,25,23,2,11,210
87452,25,24,2,13,219
87453,25,24,2,13,220
87454,25,23,2,8,231
87455,25,24,0,18,155
87456,25,23,2,11,240
87457,25,23,3,9,248
87458,25,23,2,11,240
87459,25,23,2,12,250
87460,25,23,2,11,205
87461,25,23,2,11,239
87462,25,23,2,12,251
87463,25,23,2,13,178
87464,25,23,2,10,199
87465,25,24,1,15,157
87466,25,23,2,12,250
87467,25,23,2,12,250
87468,25,24,2,13,219
87469,25,23,2,11,239
87470,25,23,2,11,239
87471,25,23,2,11,240
87472,25,23,2,7,210
87473,25,23,2,12,250
87474,25,23,2,12,251
87475,25,23,2,12,250
87476,25,25,0,16,135
87477,25,25,0,19,148
87478,25,23,2,11,239
87479,25,24,1,14,144
87480,25,23,2,8,165
87481,25,23,2,11,213
87482,25,24,2,13,221
87483,25,24,2,13,221
87484,25,23,2,8,232
87485,25,24,0,17,157
87486,25,23,2,11,240
87487,25,23,3,9,248
87488,25,23,2,11,240
87489,25,23,2,11,250
87490,25,23,2,11,209
87491,25,23,2,11,240
87492,25,23,2,11,251
87493,25,24,1,13,181
87494,25,24,2,10,201
87495,25,24,1,15,160
87496,25,23,2,11,251
87497,25,23,2,11,251
87498,25,24,2,13,221
87499,25,23,2,11,240
87500,25,23,2,11,240
87501,25,23,2,11,241
87502,25,23,2,7,212
87503,25,23,2,11,251
87504,25,23,2,11,251
87505,25,23,2,11,250
87506,25,25,0,16,136
87507,25,25,0,19,149
87508,25,23,2,11,240
87509,25,24,1,14,145
87510,25,23,2,8,172
87511,25,23,2,10,216
87512,25,24,2,13,222
87513,25,24,2,13,222
87514,25,23,2,7,234
87515,25,24,0,17,158
87516,25,23,2,11,241
87517,25,23,3,9,249
87518,25,23,2,11,241
87519,25,23,2,11,251
87520,25,23,2,10,212
87521,25,23,2,11,241
87522,25,23,2,11,252
87523,25,24,1,12,184
87524,25,24,2,9,203
87525,25,24,1,15,162
87526,25,23,2,11,251
87527,25,23,2,11,251
87528,25,24,2,13,222
87529,25,23,2,11,241
87530,25,23,2,11,241
87531,25,23,2,11,242
87532,25,23,2,6,214
87533,25,23,2,11,251
87534,25,23,2,11,252
87535,25,23,2,11,251
87536,25,25,0,16,137
87537,25,25,0,19,150
87538,25,23,2,11,240
87539,25,24,0,14,146
87540,25,23,2,8,179
87541,25,23,2,10,218
87542,25,24,2,13,223
87543,25,24,2,13,224
87544,25,23,2,7,235
87545,25,24,0,17,159
87546,25,23,2,11,242
87547,25,23,2,9,249
87548,25,23,2,11,242
87549,25,23,2,11,251
87550,25,23,2,10,215
87551,25,23,2,11,242
87552,25,23,2,11,252
87553,25,24,1,12,188
87554,25,24,2,9,205
87555,25,24,1,15,165
87556,25,23,2,11,252
87557,25,23,2,11,252
87558,25,24,2,13,224
87559,25,23,2,11,241
87560,25,23,2,11,241
87561,25,23,2,11,242
87562,25,23,2,6,215
87563,25,23,2,11,252
87564,25,23,2,11,252
87565,25,23,2,11,251
87566,25,25,0,16,137
87567,25,25,0,19,151
87568,25,23,2,11,241
87569,25,24,0,14,147
87570,25,23,2,8,187
87571,25,23,2,11,221
87572,25,24,2,13,225
87573,25,24,2,13,225
87574,25,23,2,8,236
87575,25,24,0,18,161
87576,25,23,2,11,242
87577,25,23,2,9,250
87578,25,23,2,11,242
87579,25,23,2,11,252
87580,25,23,2,11,217
87581,25,23,2,11,242
87582,25,23,2,11,252
87583,25,24,1,13,191
87584,25,24,2,9,207
87585,25,24,1,15,168
87586,25,23,2,11,252
87587,25,23,2,11,252
87588,25,24,2,13,225
87589,25,23,2,11,242
87590,25,23,2,11,242
87591,25,23,2,11,243
87592,25,23,2,6,217
87593,25,23,2,11,252
87594,25,23,2,11,253
87595,25,23,2,11,252
87596,25,25,0,16,138
87597,25,25,0,20,152
87598,25,23,2,11,242
87599,25,24,0,14,147
87600,25,23,2,8,195
87601,25,24,2,11,223
87602,25,25,2,13,226
87603,25,25,2,13,226
87604,25,24,2,8,237
87605,25,25,0,19,163
87606,25,23,2,11,243
87607,25,23,2,9,250
87608,25,23,2,11,243
87609,25,23,2,12,252
87610,25,24,2,11,220
87611,25,23,2,11,243
87612,25,23,2,12,253
87613,25,24,1,13,194
87614,25,24,2,10,209
87615,25,24,1,15,171
87616,25,23,2,12,252
87617,25,23,2,12,252
87618,25,25,2,13,226
87619,25,23,2,11,243
87620,25,23,2,11,242
87621,25,23,2,11,244
87622,25,24,2,6,219
87623,25,23,2,12,252
87624,25,23,2,12,253
87625,25,23,2,12,252
87626,25,26,0,17,139
87627,25,26,0,21,153
87628,25,23,2,11,242
87629,25,24,0,15,148
87630,25,24,2,8,202
87631,25,24,2,11,225
87632,25,25,2,13,227
87633,25,25,2,13,227
87634,25,24,2,8,238
87635,25,25,0,19,164
87636,25,23,2,11,244
87637,25,23,2,9,250
87638,25,23,2,11,244
87639,25,23,2,12,252
87640,25,24,2,11,222
87641,25,23,2,11,243
87642,25,23,2,12,253
87643,25,24,1,13,197
87644,25,24,2,10,211
87645,25,24,1,15,174
87646,25,23,2,12,253
87647,25,23,2,12,253
87648,25,25,2,13,227
87649,25,23,2,11,243
87650,25,23,2,11,243
87651,25,23,2,11,244
87652,25,24,2,6,220
87653,25,23,2,12,253
87654,25,23,2,12,253
87655,25,23,2,12,252
87656,25,26,0,17,140
87657,25,26,0,22,155
87658,25,23,2,11,243
87659,25,24,1,15,149
87660,25,24,2,8,208
87661,25,24,3,12,235
87662,25,24,3,14,238
87663,25,24,3,14,239
87664,25,24,3,8,255
87665,25,24,1,19,210
87666,25,23,3,13,239
87667,25,23,3,10,252
87668,25,23,3,13,239
87669,25,23,3,13,246
87670,25,24,3,12,235
87671,25,23,3,13,238
87672,25,23,3,13,247
87673,25,24,3,13,225
87674,25,24,3,10,235
87675,25,24,2,15,213
87676,25,23,3,13,247
87677,25,23,3,13,247
87678,25,24,3,14,239
87679,25,23,3,13,238
87680,25,23,3,13,238
87681,25,23,3,13,239
87682,25,24,3,6,243
87683,25,23,3,13,247
87684,25,23,3,13,247
87685,25,23,3,13,246
87686,25,26,1,17,192
87687,25,25,1,21,207
87688,25,23,3,13,238
87689,25,24,1,15,177
87690,25,24,3,8,245
87691,25,24,3,12,236
87692,25,25,3,14,239
87693,25,25,3,14,240
87694,25,24,3,8,255
87695,25,25,1,19,210
87696,25,23,3,13,239
87697,25,23,3,10,252
87698,25,23,3,13,239
87699,25,23,3,13,247
87700,25,24,3,12,235
87701,25,23,3,13,239
87702,25,23,3,13,247
87703,25,24,3,13,226
87704,25,24,3,10,235
87705,25,24,2,15,214
87706,25,23,3,13,247
87707,25,23,3,13,247
87708,25,25,3,14,240
87709,25,23,3,13,239
87710,25,23,3,13,238
87711,25,23,3,13,239
87712,25,24,3,6,243
87713,25,23,3,13,247
87714,25,23,3,13,247
87715,25,23,3,13,247
87716,25,26,1,17,193
87717,25,26,1,21,207
87718,25,23,3,13,238
87719,25,25,1,15,178
87720,25,24,3,8,246
87721,25,24,3,12,236
87722,25,25,3,13,239
87723,25,25,3,13,240
87724,25,24,3,8,255
87725,25,25,1,18,211
87726,25,23,3,13,239
87727,25,23,3,10,252
87728,25,23,3,13,239
87729,25,23,3,13,247
87730,25,24,3,11,236
87731,25,23,3,13,239
87732,25,23,3,13,247
87733,25,24,3,13,226
87734,25,24,3,10,236
87735,25,24,2,15,215
87736,25,23,3,13,247
87737,25,23,3,13,247
87738,25,25,3,13,240
87739,25,23,3,13,239
87740,25,23,3,13,239
87741,25,23,3,13,239
87742,25,24,3,6,244
87743,25,23,3,13,247
87744,25,23,3,13,248
87745,25,23,3,13,247
87746,25,26,1,16,194
87747,25,26,1,20,208
87748,25,23,3,13,239
87749,25,25,1,15,179
87750,25,24,3,8,247
87751,25,24,5,11,237
87752,25,25,6,13,240
87753,25,25,6,13,241
87754,25,24,5,7,256
87755,25,24,1,17,211
87756,25,23,6,12,240
87757,25,23,6,10,252
87758,25,23,6,12,240
87759,25,23,6,12,247
87760,25,24,5,11,236
87761,25,23,6,12,239
87762,25,23,6,12,248
87763,25,24,5,12,227
87764,25,24,5,9,236
87765,25,24,2,14,215
87766,25,23,6,12,248
87767,25,23,6,12,248
87768,25,25,6,13,241
87769,25,23,6,12,239
87770,25,23,6,12,239
87771,25,23,5,12,240
87772,25,24,6,6,244
87773,25,23,6,12,247
87774,25,23,6,12,248
87775,25,23,6,12,247
87776,25,25,1,16,195
87777,25,25,1,19,208
87778,25,23,6,12,239
87779,25,24,1,14,179
87780,25,24,5,8,248
87781,25,23,6,11,237
87782,25,24,6,13,240
87783,25,24,6,13,241
87784,25,23,5,7,256
87785,25,24,1,16,212
87786,25,23,6,12,240
87787,25,23,6,10,253
87788,25,23,6,12,240
87789,25,23,6,12,247
87790,25,23,6,11,237
87791,25,23,6,12,240
87792,25,23,6,12,248
87793,25,24,5,12,227
87794,25,24,5,9,237
87795,25,24,3,14,216
87796,25,23,6,12,248
87797,25,23,6,12,248
87798,25,24,6,13,241
87799,25,23,6,12,240
87800,25,23,6,12,239
87801,25,23,6,12,240
87802,25,23,6,5,245
87803,25,23,6,12,248
87804,25,23,6,12,248
87805,25,23,6,12,247
87806,25,25,1,16,195
87807,25,25,1,18,209
87808,25,23,6,12,239
87809,25,24,1,14,180
87810,25,23,5,8,249
87811,25,23,6,11,238
87812,25,24,6,13,241
87813,25,24,6,13,242
87814,25,23,6,7,256
87815,25,24,2,16,212
87816,25,23,6,12,240
87817,25,23,6,10,253
87818,25,23,6,12,240
87819,25,23,6,12,248
87820,25,23,6,11,237
87821,25,23,6,12,240
87822,25,23,6,12,248
87823,25,24,5,12,228
87824,25,24,5,9,237
87825,25,24,3,14,217
87826,25,23,6,12,248
87827,25,23,6,12,248
87828,25,24,6,13,242
87829,25,23,6,12,240
87830,25,23,6,12,240
87831,25,23,6,12,241
87832,25,23,6,5,246
87833,25,23,6,12,248
87834,25,23,6,12,249
87835,25,23,6,12,248
87836,25,25,2,16,196
87837,25,25,2,18,209
87838,25,23,6,12,240
87839,25,24,2,14,180
87840,25,23,5,8,250
87841,25,23,6,11,238
87842,25,24,6,13,241
87843,25,24,6,13,242
87844,25,23,6,7,257
87845,25,24,2,16,213
87846,25,23,6,11,241
87847,25,23,6,9,254
87848,25,23,6,11,241
87849,25,23,6,12,248
87850,25,23,6,11,238
87851,25,23,6,11,241
87852,25,23,6,12,249
87853,25,23,5,12,228
87854,25,23,6,9,238
87855,25,24,3,14,218
87856,25,23,6,12,249
87857,25,23,6,12,249
87858,25,24,6,13,242
87859,25,23,6,11,240
87860,25,23,6,11,240
87861,25,23,6,11,241
87862,25,23,6,5,246
87863,25,23,6,12,248
87864,25,23,6,12,249
87865,25,23,6,12,248
87866,25,25,2,16,197
87867,25,25,2,18,210
87868,25,23,6,11,240
87869,25,24,2,14,181
87870,25,23,5,7,251
87871,25,20,6,11,239
87872,25,22,6,13,242
87873,25,22,6,13,243
87874,25,20,6,7,257
87875,25,21,2,16,213
87876,25,20,6,12,241
87877,25,20,6,10,254
87878,25,20,6,12,241
87879,25,20,6,12,249
87880,25,20,6,11,238
87881,25,20,6,12,241
87882,25,20,6,12,249
87883,25,20,5,12,229
87884,25,21,6,9,239
87885,25,21,3,14,218
87886,25,20,6,12,249
87887,25,20,6,12,249
87888,25,22,6,13,243
87889,25,20,6,12,241
87890,25,20,6,12,241
87891,25,20,6,12,241
87892,25,20,6,6,247
87893,25,20,6,12,249
87894,25,20,6,12,249
87895,25,20,6,12,249
87896,25,23,2,16,198
87897,25,23,2,18,210
87898,25,20,6,12,241
87899,25,22,2,14,182
87900,25,20,6,8,252
87901,25,20,6,11,239
87902,25,21,6,13,243
87903,25,21,6,14,244
87904,25,20,6,8,257
87905,25,21,2,16,214
87906,25,20,6,12,242
87907,25,20,6,10,254
87908,25,20,6,12,242
87909,25,20,6,12,249
87910,25,20,6,11,239
87911,25,20,6,12,241
87912,25,20,6,12,249
87913,25,20,5,12,230
87914,25,21,6,10,239
87915,25,21,3,14,219
87916,25,20,6,12,249
87917,25,20,6,12,249
87918,25,22,6,14,244
87919,25,20,6,12,241
87920,25,20,6,12,241
87921,25,20,6,12,242
87922,25,20,6,6,248
87923,25,20,6,12,249
87924,25,20,6,12,250
87925,25,20,6,12,249
87926,25,23,2,16,198
87927,25,22,2,19,211
87928,25,20,6,12,241
87929,25,21,2,15,182
87930,25,20,6,8,253
87931,25,20,6,11,240
87932,25,21,6,14,243
87933,25,21,6,14,244
87934,25,20,6,8,258
87935,25,21,2,17,215
87936,25,19,6,12,242
87937,25,19,6,10,255
87938,25,19,6,12,242
87939,25,19,6,12,249
87940,25,20,6,11,239
87941,25,19,6,12,242
87942,25,19,6,12,250
87943,25,20,5,12,230
87944,25,20,6,10,240
87945,25,20,3,14,220
87946,25,19,6,12,250
87947,25,19,6,12,250
87948,25,21,6,14,244
87949,25,19,6,12,242
87950,25,19,6,12,242
87951,25,19,6,12,242
87952,25,20,6,6,249
87953,25,19,6,12,250
87954,25,19,6,12,250
87955,25,19,6,12,249
87956,25,22,2,16,199
87957,25,22,2,19,211
87958,25,19,6,12,242
87959,25,21,2,14,183
87960,25,20,6,8,254
87961,25,19,5,11,240
87962,25,21,5,13,244
87963,25,21,5,13,245
87964,25,19,5,8,258
87965,25,21,2,17,215
87966,25,19,6,12,243
87967,25,19,6,10,255
87968,25,19,6,12,243
87969,25,19,6,12,250
87970,25,19,5,11,240
87971,25,19,6,12,242
87972,25,19,6,12,250
87973,25,20,5,12,231
87974,25,19,5,10,241
87975,25,20,3,14,221
87976,25,19,6,12,250
87977,25,19,6,12,250
87978,25,21,5,13,245
87979,25,19,6,12,242
87980,25,19,6,12,242
87981,25,19,6,12,243
87982,25,19,6,6,249
87983,25,19,6,12,250
87984,25,19,6,12,251
87985,25,19,6,12,250
87986,25,22,2,16,200
87987,25,22,2,19,212
87988,25,19,6,12,242
87989,25,21,2,14,183
87990,25,19,5,8,255
87991,25,20,5,11,241
87992,25,21,5,13,245
87993,25,21,5,13,246
87994,25,20,5,8,259
87995,25,21,2,17,216
87996,25,20,6,12,243
87997,25,20,6,10,256
87998,25,20,6,12,243
87999,25,20,6,12,250
88000,25,20,5,11,241
88001,25,20,6,12,243
88002,25,20,6,12,251
88003,25,20,5,12,232
88004,25,20,5,10,241
88005,25,21,3,14,222
88006,25,20,6,12,251
88007,25,20,6,12,251
88008,25,21,5,13,246
88009,25,20,6,12,243
88010,25,20,6,12,243
88011,25,20,6,12,244
88012,25,20,6,6,250
88013,25,20,6,12,251
88014,25,20,6,12,251
88015,25,20,6,12,250
88016,25,23,2,16,201
88017,25,23,2,19,213
88018,25,20,6,12,243
88019,25,21,2,14,184
88020,25,20,5,8,257
88021,25,20,5,11,242
88022,25,21,5,14,245
88023,25,21,5,14,247
88024,25,20,5,8,260
88025,25,21,2,17,216
88026,25,19,6,12,244
88027,25,19,6,10,257
88028,25,19,6,12,244
88029,25,19,6,12,251
88030,25,20,5,11,241
88031,25,19,6,12,243
88032,25,19,6,12,251
88033,25,20,5,13,233
88034,25,20,5,10,242
88035,25,21,3,15,223
88036,25,19,6,12,251
88037,25,19,6,12,251
88038,25,21,5,14,246
88039,25,19,6,12,243
88040,25,19,6,12,243
88041,25,19,6,12,244
88042,25,20,6,6,251
88043,25,19,6,12,251
88044,25,19,6,12,252
88045,25,19,6,12,251
88046,25,22,2,16,202
88047,25,22,2,20,213
88048,25,19,6,12,243
88049,25,21,2,15,185
88050,25,20,5,8,258
88051,25,22,5,12,242
88052,25,23,5,14,246
88053,25,23,5,14,247
88054,25,22,5,8,260
88055,25,23,2,18,217
88056,25,22,6,13,244
88057,25,22,6,11,257
88058,25,22,6,13,244
88059,25,22,6,13,251
88060,25,22,5,12,242
88061,25,22,6,13,244
88062,25,22,6,13,252
88063,25,22,4,13,233
88064,25,22,5,10,243
88065,25,23,3,15,223
88066,25,22,6,13,252
88067,25,22,6,13,252
88068,25,23,5,14,247
88069,25,22,6,13,244
88070,25,22,6,13,244
88071,25,22,6,13,245
88072,25,22,6,6,252
88073,25,22,6,13,252
88074,25,22,6,13,252
88075,25,22,6,13,251
88076,25,24,2,17,203
88077,25,24,2,21,214
88078,25,22,6,13,244
88079,25,23,2,15,185
88080,25,22,5,8,259
88081,25,22,5,11,243
88082,25,23,5,14,247
88083,25,23,5,14,248
88084,25,22,5,8,261
88085,25,23,2,18,218
88086,25,22,5,12,245
88087,25,22,6,11,258
88088,25,22,5,12,245
88089,25,22,6,13,252
88090,25,22,5,11,243
88091,25,22,5,12,245
88092,25,22,6,13,253
88093,25,22,4,13,234
88094,25,22,5,10,244
88095,25,23,3,14,224
88096,25,22,6,13,252
88097,25,22,6,13,252
88098,25,23,5,14,248
88099,25,22,5,12,244
88100,25,22,5,12,244
88101,25,22,5,12,245
88102,25,22,5,6,253
88103,25,22,6,13,252
88104,25,22,6,13,253
88105,25,22,6,13,252
88106,25,24,1,16,204
88107,25,24,1,20,215
88108,25,22,5,12,244
88109,25,23,2,15,186
88110,25,22,4,8,260
88111,25,22,5,11,244
88112,25,23,5,14,248
88113,25,23,5,14,249
88114,25,22,5,8,262
88115,25,23,2,18,218
88116,25,22,5,13,245
88117,25,22,6,11,258
88118,25,22,5,13,245
88119,25,22,6,13,253
88120,25,22,5,11,244
88121,25,22,5,13,245
88122,25,22,6,13,253
88123,25,22,4,13,235
88124,25,22,5,10,244
88125,25,23,3,14,225
88126,25,22,6,13,253
88127,25,22,6,13,253
88128,25,23,5,14,249
88129,25,22,5,13,245
88130,25,22,5,13,245
88131,25,22,5,13,246
88132,25,22,5,6,254
88133,25,22,6,13,253
88134,25,22,6,13,253
88135,25,22,6,13,252
88136,25,24,1,16,205
88137,25,24,1,21,215
88138,25,22,5,13,245
88139,25,23,2,15,187
88140,25,22,4,8,262
88141,25,22,5,12,244
88142,25,23,5,14,248
88143,25,23,5,14,250
88144,25,22,5,8,262
88145,25,23,2,18,219
88146,25,22,6,13,246
88147,25,22,6,11,259
88148,25,22,6,13,246
88149,25,22,6,13,253
88150,25,22,5,12,244
88151,25,22,6,13,246
88152,25,22,6,13,254
88153,25,22,4,13,236
88154,25,22,5,10,245
88155,25,23,3,15,226
88156,25,22,6,13,253
88157,25,22,6,13,253
88158,25,23,5,14,250
88159,25,22,6,13,246
88160,25,22,6,13,246
88161,25,22,6,13,246
88162,25,22,6,6,255
88163,25,22,6,13,253
88164,25,22,6,13,254
88165,25,22,6,13,253
88166,25,24,2,17,205
88167,25,24,2,21,216
88168,25,22,6,13,246
88169,25,23,2,15,187
88170,25,22,5,8,263
88171,25,22,5,11,245
88172,25,23,5,14,249
88173,25,23,5,14,250
88174,25,22,5,8,263
88175,25,23,2,18,220
88176,25,21,5,12,246
88177,25,21,6,10,260
88178,25,21,5,12,246
88179,25,21,6,12,254
88180,25,22,5,11,245
88181,25,21,5,12,246
88182,25,21,6,12,254
88183,25,22,4,13,236
88184,25,22,5,10,246
88185,25,23,3,15,227
88186,25,21,6,12,254
88187,25,21,6,12,254
88188,25,23,5,14,250
88189,25,21,5,12,246
88190,25,21,5,12,246
88191,25,21,5,12,247
88192,25,22,5,6,256
88193,25,21,6,12,254
88194,25,21,6,12,254
88195,25,21,6,12,254
88196,25,24,1,17,206
88197,25,24,1,21,216
88198,25,21,5,12,246
88199,25,23,1,15,188
88200,25,22,4,8,264
88201,25,22,5,11,246
88202,25,23,5,14,250
88203,25,23,5,14,251
88204,25,22,5,8,263
88205,25,23,1,19,221
88206,25,22,5,12,247
88207,25,22,6,10,260
88208,25,22,5,12,247
88209,25,22,6,12,254
88210,25,22,5,11,246
88211,25,22,5,12,247
88212,25,22,6,12,255
88213,25,22,4,13,237
88214,25,22,4,10,247
88215,25,23,3,15,228
88216,25,22,6,12,255
88217,25,22,6,12,255
88218,25,23,5,14,251
88219,25,22,5,12,247
88220,25,22,5,12,247
88221,25,22,5,12,248
88222,25,22,5,6,257
88223,25,22,6,12,254
88224,25,22,6,12,255
88225,25,22,6,12,254
88226,25,24,1,16,207
88227,25,24,1,21,217
88228,25,22,5,12,247
88229,25,23,1,15,189
88230,25,22,4,8,265
88231,25,22,4,11,246
88232,25,24,4,14,251
88233,25,24,4,14,252
88234,25,22,4,8,264
88235,25,24,1,18,221
88236,25,22,5,12,248
88237,25,22,5,10,261
88238,25,22,5,12,248
88239,25,22,5,12,255
88240,25,22,4,11,246
88241,25,22,5,12,247
88242,25,22,5,12,255
88243,25,23,3,13,238
88244,25,23,4,10,247
88245,25,23,2,14,229
88246,25,22,5,12,255
88247,25,22,5,12,255
88248,25,24,4,14,252
88249,25,22,5,12,247
88250,25,22,5,12,247
88251,25,22,5,12,248
88252,25,22,5,6,258
88253,25,22,5,12,255
88254,25,22,5,12,255
88255,25,22,5,12,255
88256,25,25,1,16,208
88257,25,25,1,21,218
88258,25,22,5,12,247
88259,25,24,1,15,189
88260,25,22,3,8,267
88261,25,22,4,11,247
88262,25,24,4,14,251
88263,25,24,4,14,253
88264,25,22,4,7,265
88265,25,24,1,18,222
88266,25,22,5,12,248
88267,25,22,5,10,261
88268,25,22,5,12,248
88269,25,22,5,12,255
88270,25,22,4,11,247
88271,25,22,5,12,248
88272,25,22,5,12,256
88273,25,23,3,12,239
88274,25,23,4,9,248
88275,25,23,2,14,230
88276,25,22,5,12,256
88277,25,22,5,12,256
88278,25,24,4,14,253
88279,25,22,5,12,248
88280,25,22,5,12,248
88281,25,22,5,12,249
88282,25,22,5,6,259
88283,25,22,5,12,256
88284,25,22,5,12,256
88285,25,22,5,12,255
88286,25,25,1,16,209
88287,25,25,1,20,218
88288,25,22,5,12,248
88289,25,24,1,14,190
88290,25,22,4,8,268
88291,25,22,4,11,248
88292,25,24,5,13,252
88293,25,24,5,13,253
88294,25,22,4,7,265
88295,25,24,1,18,223
88296,25,22,5,12,249
88297,25,22,6,10,262
88298,25,22,5,12,249
88299,25,22,5,12,256
88300,25,22,4,11,248
88301,25,22,5,12,249
88302,25,22,5,12,256
88303,25,23,4,12,239
88304,25,23,4,9,249
88305,25,23,2,14,231
88306,25,22,5,12,256
88307,25,22,5,12,256
88308,25,24,5,13,253
88309,25,22,5,12,249
88310,25,22,5,12,248
88311,25,22,5,12,249
88312,25,22,5,6,259
88313,25,22,5,12,256
88314,25,22,5,12,256
88315,25,22,5,12,256
88316,25,25,1,16,210
88317,25,25,1,20,219
88318,25,22,5,12,248
88319,25,24,1,14,191
88320,25,22,4,7,268
88321,25,22,4,11,248
88322,25,24,5,14,253
88323,25,24,5,14,254
88324,25,22,4,7,266
88325,25,24,1,18,223
88326,25,22,5,12,249
88327,25,22,6,10,262
88328,25,22,5,12,249
88329,25,22,5,12,256
88330,25,22,4,11,248
88331,25,22,5,12,249
88332,25,22,5,12,257
88333,25,23,4,12,240
88334,25,23,4,9,249
88335,25,23,2,14,232
88336,25,22,5,12,256
88337,25,22,5,12,256
88338,25,24,5,14,254
88339,25,22,5,12,249
88340,25,22,5,12,249
88341,25,22,5,12,250
88342,25,22,5,6,260
88343,25,22,5,12,256
88344,25,22,5,12,257
88345,25,22,5,12,256
88346,25,25,1,16,211
88347,25,25,1,21,220
88348,25,22,5,12,249
88349,25,24,1,14,191
88350,25,22,4,7,269
88351,25,23,4,10,249
88352,25,24,5,13,253
88353,25,24,5,13,255
88354,25,23,4,7,266
88355,25,24,1,17,224
88356,25,22,5,11,250
88357,25,22,6,10,263
88358,25,22,5,11,250
88359,25,22,5,12,257
88360,25,23,4,10,249
88361,25,22,5,11,249
88362,25,22,5,12,257
88363,25,23,4,12,241
88364,25,23,4,9,250
88365,25,24,2,13,233
88366,25,22,5,12,257
88367,25,22,5,12,257
88368,25,24,5,13,255
88369,25,22,5,11,249
88370,25,22,5,11,249
88371,25,22,5,11,250
88372,25,23,5,5,261
88373,25,22,5,12,257
88374,25,22,5,12,257
88375,25,22,5,12,256
88376,25,25,1,15,212
88377,25,25,1,20,220
88378,25,22,5,11,249
88379,25,24,1,14,192
88380,25,23,4,7,270
88381,25,23,4,10,249
88382,25,24,5,12,254
88383,25,24,5,12,255
88384,25,23,4,6,266
88385,25,24,1,17,224
88386,25,22,5,11,250
88387,25,22,6,9,263
88388,25,22,5,11,250
88389,25,22,5,11,257
88390,25,23,4,10,249
88391,25,22,5,11,250
88392,25,22,6,11,258
88393,25,23,4,11,241
88394,25,23,4,8,251
88395,25,24,2,13,233
88396,25,22,5,11,257
88397,25,22,5,11,257
88398,25,24,5,12,255
88399,25,22,5,11,250
88400,25,22,5,11,250
88401,25,22,5,11,251
88402,25,23,5,5,261
88403,25,22,5,11,257
88404,25,22,6,11,258
88405,25,22,5,11,257
88406,25,25,1,15,213
88407,25,25,1,20,221
88408,25,22,5,11,250
88409,25,24,1,14,193
88410,25,23,4,7,271
88411,25,23,4,10,250
88412,25,24,4,12,254
88413,25,24,4,12,256
88414,25,23,4,6,267
88415,25,24,1,17,225
88416,25,22,5,11,250
88417,25,22,5,9,264
88418,25,22,5,11,250
88419,25,22,5,11,257
88420,25,23,4,9,250
88421,25,22,5,11,250
88422,25,22,5,11,258
88423,25,23,3,11,242
88424,25,23,3,8,251
88425,25,24,2,13,234
88426,25,22,5,11,258
88427,25,22,5,11,258
88428,25,24,4,12,256
88429,25,22,5,11,250
88430,25,22,5,11,250
88431,25,22,5,11,251
88432,25,23,5,5,262
88433,25,22,5,11,258
88434,25,22,5,11,258
88435,25,22,5,11,257
88436,25,26,1,15,214
88437,25,25,1,19,221
88438,25,22,5,11,250
88439,25,24,1,14,193
88440,25,23,3,7,271
88441,25,23,3,9,250
88442,25,24,4,12,255
88443,25,24,4,12,256
88444,25,23,4,6,267
88445,25,24,1,17,225
88446,25,22,5,11,251
88447,25,22,5,9,264
88448,25,22,5,11,251
88449,25,22,5,11,258
88450,25,23,3,9,250
88451,25,22,5,11,251
88452,25,22,5,11,258
88453,25,23,3,11,242
88454,25,23,3,8,252
88455,25,24,2,13,235
88456,25,22,5,11,258
88457,25,22,5,11,258
88458,25,24,4,12,256
88459,25,22,5,11,251
88460,25,22,5,11,251
88461,25,22,4,11,252
88462,25,23,5,5,262
88463,25,22,5,11,258
88464,25,22,5,11,258
88465,25,22,5,11,257
88466,25,25,1,15,214
88467,25,25,1,19,222
88468,25,22,5,11,251
88469,25,24,1,14,194
88470,25,23,3,7,272
88471,25,23,3,10,251
88472,25,24,4,13,255
88473,25,24,4,13,257
88474,25,23,4,7,267
88475,25,24,1,17,226
88476,25,22,5,11,251
88477,25,22,5,9,264
88478,25,22,5,11,251
88479,25,22,5,11,258
88480,25,23,3,10,251
88481,25,22,5,11,251
88482,25,22,5,11,259
88483,25,23,3,12,243
88484,25,23,3,9,252
88485,25,24,2,14,235
88486,25,22,5,11,258
88487,25,22,5,11,258
88488,25,24,4,13,256
88489,25,22,5,11,251
88490,25,22,5,11,251
88491,25,22,4,11,252
88492,25,23,5,5,263
88493,25,22,5,11,258
88494,25,22,5,11,259
88495,25,22,5,11,258
88496,25,25,1,15,215
88497,25,25,1,20,222
88498,25,22,5,11,251
88499,25,24,1,14,195
88500,25,23,3,7,272
88501,25,23,3,11,251
88502,25,24,4,15,255
88503,25,24,4,14,257
88504,25,23,4,8,268
88505,25,24,1,20,226
88506,25,22,5,12,251
88507,25,22,5,10,264
88508,25,22,5,12,251
88509,25,22,5,12,258
88510,25,23,3,11,251
88511,25,22,5,12,251
88512,25,22,5,12,259
88513,25,23,3,13,243
88514,25,23,3,10,252
88515,25,23,2,15,236
88516,25,22,5,12,259
88517,25,22,5,12,258
88518,25,24,4,15,257
88519,25,22,5,12,251
88520,25,22,5,12,251
88521,25,22,4,12,252
88522,25,23,5,6,263
88523,25,22,5,12,258
88524,25,22,5,12,259
88525,25,22,5,12,258
88526,25,25,1,17,216
88527,25,25,1,22,223
88528,25,22,5,12,251
88529,25,24,1,15,196
88530,25,23,3,8,272
88531,25,23,4,12,251
88532,25,24,4,15,256
88533,25,24,4,15,257
88534,25,23,4,9,268
88535,25,24,1,21,227
88536,25,22,5,12,252
88537,25,22,6,10,265
88538,25,22,5,12,252
88539,25,22,5,13,258
88540,25,23,4,12,251
88541,25,22,5,12,252
88542,25,22,5,13,259
88543,25,23,3,14,244
88544,25,23,3,11,253
88545,25,23,2,16,236
88546,25,22,5,13,259
88547,25,22,5,13,259
88548,25,24,4,15,257
88549,25,22,5,12,252
88550,25,22,5,12,251
88551,25,22,5,12,253
88552,25,23,5,7,263
88553,25,22,5,13,259
88554,25,22,5,13,259
88555,25,22,5,13,258
88556,25,25,1,18,217
88557,25,25,1,24,223
88558,25,22,5,12,251
88559,25,24,1,15,196
88560,25,23,3,9,273
88561,25,22,4,16,249
88562,25,23,5,18,272
88563,25,23,5,18,274
88564,25,22,4,11,259
88565,25,23,1,24,245
88566,25,21,6,16,250
88567,25,21,6,13,261
88568,25,21,6,16,250
88569,25,21,6,16,256
88570,25,22,4,16,249
88571,25,21,6,16,250
88572,25,21,6,16,257
88573,25,22,3,17,242
88574,25,22,3,15,251
88575,25,22,2,20,245
88576,25,21,6,16,256
88577,25,21,6,16,256
88578,25,23,5,18,274
88579,25,21,6,16,250
88580,25,21,6,16,250
88581,25,21,5,16,251
88582,25,22,5,10,278
88583,25,21,6,16,256
88584,25,21,6,16,257
88585,25,21,6,16,256
88586,25,25,1,20,257
88587,25,24,1,25,255
88588,25,21,6,16,250
88589,25,24,1,16,229
88590,25,22,3,11,272
88591,25,22,4,15,250
88592,25,23,5,18,272
88593,25,23,5,18,274
88594,25,22,4,11,259
88595,25,23,1,24,246
88596,25,21,6,15,250
88597,25,21,6,12,261
88598,25,21,6,15,250
88599,25,21,6,15,256
88600,25,22,4,15,250
88601,25,21,6,15,250
88602,25,21,6,15,257
88603,25,22,3,16,243
88604,25,22,3,14,252
88605,25,23,2,19,245
88606,25,21,6,15,256
88607,25,21,6,15,256
88608,25,23,5,18,274
88609,25,21,6,15,250
88610,25,21,6,15,250
88611,25,21,5,15,251
88612,25,22,5,9,278
88613,25,21,6,15,256
88614,25,21,6,15,257
88615,25,21,6,15,256
88616,25,25,1,20,257
88617,25,25,1,24,255
88618,25,21,6,15,250
88619,25,24,1,16,229
88620,25,22,3,10,272
88621,25,22,4,14,250
88622,25,23,5,17,273
88623,25,23,5,17,274
88624,25,22,4,10,259
88625,25,23,1,23,246
88626,25,21,6,14,250
88627,25,21,6,12,262
88628,25,21,6,14,250
88629,25,21,6,15,256
88630,25,22,4,14,250
88631,25,21,6,14,250
88632,25,21,6,15,257
88633,25,22,3,16,243
88634,25,22,3,13,252
88635,25,23,2,19,245
88636,25,21,6,15,257
88637,25,21,6,15,257
88638,25,23,5,17,274
88639,25,21,6,14,250
88640,25,21,6,14,250
88641,25,21,5,14,251
88642,25,22,5,9,278
88643,25,21,6,15,257
88644,25,21,6,15,257
88645,25,21,6,15,256
88646,25,25,1,20,258
88647,25,25,1,24,256
88648,25,21,6,14,250
88649,25,24,1,15,230
88650,25,22,3,10,272
88651,25,22,4,14,250
88652,25,23,6,17,273
88653,25,23,6,17,274
88654,25,22,4,10,259
88655,25,23,1,23,246
88656,25,21,6,14,250
88657,25,21,6,12,262
88658,25,21,6,14,250
88659,25,21,6,15,257
88660,25,22,4,14,250
88661,25,21,6,14,250
88662,25,21,6,15,257
88663,25,22,3,16,243
88664,25,22,4,14,252
88665,25,23,2,19,245
88666,25,21,6,15,257
88667,25,21,6,15,257
88668,25,23,6,17,274
88669,25,21,6,14,250
88670,25,21,6,14,250
88671,25,21,5,14,251
88672,25,22,6,9,279
88673,25,21,6,15,257
88674,25,21,6,15,257
88675,25,21,6,15,256
88676,25,25,1,20,258
88677,25,25,1,23,256
88678,25,21,6,14,250
88679,25,24,1,15,230
88680,25,22,4,10,273
88681,25,22,4,14,250
88682,25,23,6,17,273
88683,25,23,6,17,274
88684,25,22,5,10,260
88685,25,23,1,23,246
88686,25,21,6,14,251
88687,25,21,6,12,262
88688,25,21,6,14,251
88689,25,21,6,15,257
88690,25,22,4,14,250
88691,25,21,6,14,251
88692,25,21,6,15,257
88693,25,22,4,16,244
88694,25,22,4,13,252
88695,25,23,2,19,246
88696,25,21,6,15,257
88697,25,21,6,15,257
88698,25,23,6,17,274
88699,25,21,6,14,251
88700,25,21,6,14,251
88701,25,21,5,14,251
88702,25,22,6,9,279
88703,25,21,6,15,257
88704,25,21,6,15,257
88705,25,21,6,15,257
88706,25,24,1,20,258
88707,25,24,1,23,256
88708,25,21,6,14,251
88709,25,24,1,15,231
88710,25,22,4,10,273
88711,25,21,4,15,251
88712,25,22,5,20,273
88713,25,22,5,20,275
88714,25,21,5,11,260
88715,25,23,1,24,247
88716,25,20,5,15,251
88717,25,20,6,13,262
88718,25,20,5,15,251
88719,25,20,6,16,257
88720,25,21,4,15,251
88721,25,20,5,15,251
88722,25,20,6,16,258
88723,25,21,3,17,244
88724,25,21,4,15,253
88725,25,22,2,20,246
88726,25,20,6,16,257
88727,25,20,6,16,257
88728,25,22,5,20,275
88729,25,20,5,15,251
88730,25,20,5,15,251
88731,25,20,5,15,252
88732,25,21,6,10,279
88733,25,20,6,16,257
88734,25,20,6,16,258
88735,25,20,6,16,257
88736,25,24,1,21,259
88737,25,24,1,25,256
88738,25,20,5,15,251
88739,25,23,1,16,231
88740,25,22,4,11,273
88741,25,21,4,16,251
88742,25,22,5,20,273
88743,25,22,5,20,275
88744,25,21,5,12,260
88745,25,23,1,25,247
88746,25,20,6,16,251
88747,25,20,6,14,263
88748,25,20,6,16,251
88749,25,20,6,16,257
88750,25,21,4,16,251
88751,25,20,6,16,251
88752,25,20,6,16,258
88753,25,21,4,18,244
88754,25,21,4,15,253
88755,25,22,2,20,246
88756,25,20,6,16,258
88757,25,20,6,16,258
88758,25,22,5,20,275
88759,25,20,6,16,251
88760,25,20,6,16,251
88761,25,20,5,16,252
88762,25,21,6,10,279
88763,25,20,6,16,258
88764,25,20,6,16,258
88765,25,20,6,16,257
88766,25,24,1,21,259
88767,25,24,1,26,257
88768,25,20,6,16,251
88769,25,23,1,16,232
88770,25,22,4,11,273
88771,25,21,5,17,251
88772,25,22,6,21,274
88773,25,22,6,21,275
88774,25,21,5,13,260
88775,25,22,1,26,247
88776,25,20,6,17,252
88777,25,20,6,15,263
88778,25,20,6,17,252
88779,25,20,6,17,258
88780,25,21,5,17,251
88781,25,20,6,17,251
88782,25,20,6,17,258
88783,25,21,4,19,244
88784,25,21,5,17,253
88785,25,22,2,21,247
88786,25,20,6,17,258
88787,25,20,6,17,258
88788,25,22,6,21,275
88789,25,20,6,17,251
88790,25,20,6,17,251
88791,25,20,6,17,252
88792,25,21,6,11,279
88793,25,20,6,17,258
88794,25,20,6,17,258
88795,25,20,6,17,257
88796,25,24,1,22,259
88797,25,23,1,27,257
88798,25,20,6,17,251
88799,25,23,1,16,232
88800,25,22,4,12,274
88801,25,20,5,18,252
88802,25,22,6,22,274
88803,25,22,6,22,275
88804,25,20,6,14,261
88805,25,22,1,27,248
88806,25,19,6,18,252
88807,25,19,7,16,263
88808,25,19,6,18,252
88809,25,19,7,18,258
88810,25,20,5,18,252
88811,25,19,6,18,252
88812,25,19,7,18,258
88813,25,21,5,20,245
88814,25,21,5,18,254
88815,25,22,2,22,247
88816,25,19,7,18,258
88817,25,19,7,18,258
88818,25,22,6,22,275
88819,25,19,6,18,252
88820,25,19,6,18,252
88821,25,19,6,18,253
88822,25,21,6,12,280
88823,25,19,7,18,258
88824,25,19,7,18,259
88825,25,19,7,18,258
88826,25,23,1,23,260
88827,25,23,1,28,257
88828,25,19,6,18,252
88829,25,23,1,16,233
88830,25,21,5,13,274
88831,25,20,6,19,252
88832,25,21,6,22,274
88833,25,21,6,22,276
88834,25,20,6,14,261
88835,25,22,2,27,248
88836,25,19,6,19,252
88837,25,19,7,16,264
88838,25,19,6,19,252
88839,25,19,7,19,258
88840,25,20,6,19,252
88841,25,19,6,19,252
88842,25,19,7,18,259
88843,25,20,5,20,245
88844,25,20,5,18,254
88845,25,22,3,22,248
88846,25,19,7,19,258
88847,25,19,7,19,258
88848,25,21,6,22,276
88849,25,19,6,19,252
88850,25,19,6,19,252
88851,25,19,6,19,253
88852,25,20,6,12,280
88853,25,19,7,19,258
88854,25,19,7,18,259
88855,25,19,7,19,258
88856,25,23,2,23,260
88857,25,23,2,29,258
88858,25,19,6,19,252
88859,25,23,2,17,233
88860,25,21,5,13,275
88861,25,19,5,19,252
88862,25,21,6,23,275
88863,25,21,6,23,276
88864,25,19,6,14,261
88865,25,22,2,28,248
88866,25,18,6,19,253
88867,25,18,7,16,264
88868,25,18,6,19,253
88869,25,18,7,19,259
88870,25,19,5,19,252
88871,25,18,6,19,252
88872,25,18,7,19,259
88873,25,20,5,20,246
88874,25,20,5,19,254
88875,25,21,3,22,248
88876,25,18,7,19,259
88877,25,18,7,19,259
88878,25,21,6,23,276
88879,25,18,6,19,252
88880,25,18,6,19,252
88881,25,18,6,19,253
88882,25,20,6,13,280
88883,25,18,7,19,259
88884,25,18,7,19,259
88885,25,18,7,19,258
88886,25,23,1,23,261
88887,25,23,1,29,258
88888,25,18,6,19,252
88889,25,23,2,17,234
88890,25,21,5,14,275
88891,25,19,5,19,253
88892,25,20,6,23,275
88893,25,20,6,23,276
88894,25,19,6,14,262
88895,25,22,2,28,249
88896,25,18,6,19,253
88897,25,18,7,16,264
88898,25,18,6,19,253
88899,25,18,7,19,259
88900,25,19,5,19,253
88901,25,18,6,19,253
88902,25,18,7,19,260
88903,25,19,5,20,246
88904,25,20,5,18,255
88905,25,21,3,22,249
88906,25,18,7,19,259
88907,25,18,7,19,259
88908,25,20,6,23,276
88909,25,18,6,19,253
88910,25,18,6,19,253
88911,25,18,6,19,254
88912,25,19,6,13,281
88913,25,18,7,19,259
88914,25,18,7,19,260
88915,25,18,7,19,259
88916,25,23,2,23,261
88917,25,23,1,29,258
88918,25,18,6,19,253
88919,25,22,2,17,235
88920,25,21,5,14,275
88921,25,17,5,20,253
88922,25,19,6,25,275
88923,25,19,6,25,277
88924,25,17,6,15,262
88925,25,21,2,28,249
88926,25,16,6,20,253
88927,25,16,7,17,265
88928,25,16,6,20,253
88929,25,16,7,20,259
88930,25,17,5,20,253
88931,25,16,6,20,253
88932,25,16,7,20,260
88933,25,18,5,22,246
88934,25,19,5,20,255
88935,25,20,3,24,249
88936,25,16,7,20,260
88937,25,16,7,20,260
88938,25,19,6,25,277
88939,25,16,6,20,253
88940,25,16,6,20,253
88941,25,16,6,20,254
88942,25,18,6,13,281
88943,25,16,7,20,260
88944,25,16,7,20,260
88945,25,16,7,20,259
88946,25,22,2,24,262
88947,25,22,1,30,259
88948,25,16,6,20,253
88949,25,22,2,16,235
88950,25,19,5,14,276
88951,25,16,5,20,254
88952,25,18,6,25,276
88953,25,18,6,25,277
88954,25,16,5,16,263
88955,25,20,2,32,250
88956,25,15,6,20,254
88957,25,15,7,18,265
88958,25,15,6,20,254
88959,25,15,7,20,260
88960,25,16,5,20,254
88961,25,15,6,20,254
88962,25,15,7,20,260
88963,25,17,5,22,247
88964,25,17,5,20,256
88965,25,19,2,26,250
88966,25,15,7,20,260
88967,25,15,7,20,260
88968,25,18,6,25,277
88969,25,15,6,20,254
88970,25,15,6,20,254
88971,25,15,6,20,255
88972,25,17,6,14,282
88973,25,15,7,20,260
88974,25,15,7,20,260
88975,25,15,7,20,260
88976,25,22,1,26,263
88977,25,22,1,34,259
88978,25,15,6,20,254
88979,25,21,2,16,236
88980,25,18,4,14,277
88981,25,17,5,20,254
88982,25,19,6,25,276
88983,25,19,6,25,278
88984,25,17,5,17,263
88985,25,21,1,32,250
88986,25,16,6,20,254
88987,25,16,7,18,266
88988,25,16,6,20,254
88989,25,16,7,20,260
88990,25,17,5,20,254
88991,25,16,6,20,254
88992,25,16,7,20,261
88993,25,17,5,23,247
88994,25,18,4,21,256
88995,25,20,2,26,250
88996,25,16,7,20,260
88997,25,16,7,20,260
88998,25,19,6,25,278
88999,25,16,6,20,254
89000,25,16,6,20,254
89001,25,16,6,20,255
89002,25,18,6,15,282
89003,25,16,7,20,260
89004,25,16,7,20,261
89005,25,16,7,20,260
89006,25,22,1,26,263
89007,25,22,1,33,260
89008,25,16,6,20,254
89009,25,22,1,16,237
89010,25,19,4,15,277
89011,25,19,5,20,255
89012,25,21,6,25,277
89013,25,21,6,25,278
89014,25,19,5,17,264
89015,25,22,1,33,251
89016,25,18,6,20,255
89017,25,18,7,18,266
89018,25,18,6,20,255
89019,25,18,7,20,261
89020,25,19,5,20,255
89021,25,18,6,20,255
89022,25,18,7,20,261
89023,25,20,4,23,248
89024,25,20,4,22,257
89025,25,21,2,26,251
89026,25,18,7,20,261
89027,25,18,7,20,261
89028,25,21,6,25,278
89029,25,18,6,20,255
89030,25,18,6,20,254
89031,25,18,6,20,255
89032,25,20,6,15,283
89033,25,18,7,20,261
89034,25,18,7,20,261
89035,25,18,7,20,260
89036,25,23,1,26,264
89037,25,22,1,34,260
89038,25,18,6,20,254
89039,25,22,1,16,237
89040,25,21,3,16,278
89041,25,19,5,21,255
89042,25,21,6,26,277
89043,25,21,6,26,278
89044,25,19,5,18,264
89045,25,22,1,33,251
89046,25,18,6,20,255
89047,25,18,7,18,267
89048,25,18,6,20,255
89049,25,18,7,20,261
89050,25,19,5,21,255
89051,25,18,6,20,255
89052,25,18,7,20,262
89053,25,20,4,23,248
89054,25,20,3,22,257
89055,25,21,2,27,251
89056,25,18,7,20,261
89057,25,18,7,20,261
89058,25,21,6,26,279
89059,25,18,6,20,255
89060,25,18,6,20,255
89061,25,18,6,20,256
89062,25,20,6,16,283
89063,25,18,7,20,261
89064,25,18,7,20,262
89065,25,18,7,20,261
89066,25,23,1,27,264
89067,25,23,1,35,261
89068,25,18,6,20,255
89069,25,23,1,16,238
89070,25,21,3,16,278
89071,25,20,5,21,256
89072,25,21,6,26,277
89073,25,21,6,26,279
89074,25,20,5,18,265
89075,25,22,1,34,252
89076,25,18,6,20,255
89077,25,18,7,18,267
89078,25,18,6,20,255
89079,25,18,7,20,261
89080,25,20,5,21,256
89081,25,18,6,20,255
89082,25,18,7,20,262
89083,25,20,4,24,249
89084,25,20,3,22,258
89085,25,22,2,27,252
89086,25,18,7,20,262
89087,25,18,7,20,262
89088,25,21,6,26,279
89089,25,18,6,20,255
89090,25,18,6,20,255
89091,25,18,6,20,256
89092,25,20,6,16,283
89093,25,18,7,20,262
89094,25,18,7,20,262
89095,25,18,7,20,261
89096,25,23,1,27,265
89097,25,23,1,37,261
89098,25,18,6,20,255
89099,25,23,1,16,239
89100,25,21,3,16,279
89101,25,20,5,21,256
89102,25,21,6,25,278
89103,25,21,6,25,279
89104,25,20,4,18,265
89105,25,23,1,34,252
89106,25,18,6,20,256
89107,25,18,7,18,268
89108,25,18,6,20,256
89109,25,18,7,20,262
89110,25,20,5,21,256
89111,25,18,6,20,256
89112,25,18,7,20,263
89113,25,20,4,23,249
89114,25,21,3,22,258
89115,25,22,2,26,252
89116,25,18,7,20,262
89117,25,18,7,20,262
89118,25,21,6,25,279
89119,25,18,6,20,256
89120,25,18,6,20,256
89121,25,18,6,20,257
89122,25,20,6,16,284
89123,25,18,7,20,262
89124,25,18,7,20,263
89125,25,18,7,20,262
89126,25,23,1,28,266
89127,25,23,1,37,261
89128,25,18,6,20,256
89129,25,23,1,16,240
89130,25,21,3,16,279
89131,25,20,5,20,256
89132,25,21,6,24,278
89133,25,21,6,24,280
89134,25,20,4,17,266
89135,25,23,1,34,253
89136,25,18,6,19,256
89137,25,18,7,17,268
89138,25,18,6,19,256
89139,25,18,7,19,262
89140,25,20,5,20,257
89141,25,18,6,19,256
89142,25,18,7,19,263
89143,25,20,4,22,250
89144,25,21,3,21,259
89145,25,22,2,26,253
89146,25,18,7,19,263
89147,25,18,7,19,263
89148,25,21,6,24,280
89149,25,18,6,19,256
89150,25,18,6,19,256
89151,25,18,6,19,257
89152,25,20,6,15,284
89153,25,18,7,19,263
89154,25,18,7,19,263
89155,25,18,7,19,262
89156,25,24,0,27,266
89157,25,23,0,36,262
89158,25,18,6,19,256
89159,25,23,1,15,240
89160,25,22,3,16,280
89161,25,19,5,20,257
89162,25,21,6,24,279
89163,25,21,6,24,280
89164,25,20,4,17,266
89165,25,23,1,34,253
89166,25,18,6,19,257
89167,25,18,7,17,268
89168,25,18,6,19,257
89169,25,18,7,19,263
89170,25,19,5,20,257
89171,25,18,6,19,257
89172,25,18,7,19,263
89173,25,20,4,22,250
89174,25,20,3,21,259
89175,25,22,2,26,253
89176,25,18,7,19,263
89177,25,18,7,19,263
89178,25,21,6,24,280
89179,25,18,6,19,257
89180,25,18,6,19,257
89181,25,18,6,19,258
89182,25,20,6,15,285
89183,25,18,7,19,263
89184,25,18,7,19,263
89185,25,18,7,19,263
89186,25,24,0,27,267
89187,25,23,0,36,262
89188,25,18,6,19,257
89189,25,23,1,15,241
89190,25,21,3,15,280
89191,25,19,5,20,257
89192,25,21,6,24,279
89193,25,21,6,24,280
89194,25,19,4,17,266
89195,25,22,1,33,253
89196,25,18,6,19,257
89197,25,18,7,17,269
89198,25,18,6,19,257
89199,25,18,7,19,263
89200,25,19,5,20,258
89201,25,18,6,19,257
89202,25,18,7,19,264
89203,25,20,4,22,251
89204,25,20,3,21,259
89205,25,22,1,26,254
89206,25,18,7,19,263
89207,25,18,7,19,263
89208,25,21,6,24,280
89209,25,18,6,19,257
89210,25,18,6,19,257
89211,25,18,6,19,258
89212,25,20,6,15,285
89213,25,18,7,19,263
89214,25,18,7,19,264
89215,25,18,7,19,263
89216,25,24,0,27,267
89217,25,23,0,35,263
89218,25,18,6,19,257
89219,25,23,1,15,242
89220,25,21,3,15,281
89221,25,19,5,19,258
89222,25,21,6,24,279
89223,25,21,6,24,281
89224,25,20,4,17,267
89225,25,23,1,33,254
89226,25,18,6,18,257
89227,25,18,7,17,269
89228,25,18,6,18,257
89229,25,18,7,18,263
89230,25,19,5,19,258
89231,25,18,6,18,257
89232,25,18,7,18,264
89233,25,20,4,22,251
89234,25,20,3,21,260
89235,25,22,1,26,254
89236,25,18,7,18,264
89237,25,18,7,18,264
89238,25,21,6,24,281
89239,25,18,6,18,258
89240,25,18,6,18,257
89241,25,18,6,18,258
89242,25,20,6,15,285
89243,25,18,7,18,264
89244,25,18,7,18,264
89245,25,18,7,18,263
89246,25,24,0,27,268
89247,25,23,0,35,263
89248,25,18,6,18,257
89249,25,23,1,15,242
89250,25,21,3,15,281
89251,25,18,5,19,258
89252,25,20,6,24,280
89253,25,20,6,24,281
89254,25,19,4,16,267
89255,25,22,1,33,254
89256,25,17,6,18,258
89257,25,17,7,16,270
89258,25,17,6,18,258
89259,25,17,7,18,264
89260,25,18,5,19,258
89261,25,17,6,18,258
89262,25,17,7,18,264
89263,25,19,4,21,252
89264,25,20,3,20,260
89265,25,21,2,25,255
89266,25,17,7,18,264
89267,25,17,7,18,264
89268,25,20,6,24,281
89269,25,17,6,18,258
89270,25,17,6,18,258
89271,25,17,6,18,259
89272,25,19,6,14,286
89273,25,17,7,18,264
89274,25,17,7,18,265
89275,25,17,7,18,264
89276,25,24,0,27,268
89277,25,23,1,35,263
89278,25,17,6,18,258
89279,25,23,1,15,243
89280,25,21,3,15,282
89281,25,18,5,18,258
89282,25,20,6,24,280
89283,25,20,6,24,281
89284,25,19,4,16,267
89285,25,22,1,33,255
89286,25,17,6,17,258
89287,25,17,7,16,270
89288,25,17,6,17,258
89289,25,17,7,17,264
89290,25,18,5,18,259
89291,25,17,6,17,258
89292,25,17,7,17,265
89293,25,19,4,21,252
89294,25,20,3,20,261
89295,25,21,1,25,255
89296,25,17,7,17,264
89297,25,17,7,17,264
89298,25,20,6,24,281
89299,25,17,6,17,258
89300,25,17,6,17,258
89301,25,17,6,17,259
89302,25,19,6,14,286
89303,25,17,7,17,264
89304,25,17,7,17,265
89305,25,17,7,17,264
89306,25,24,0,27,269
89307,25,23,1,35,264
89308,25,17,6,17,258
89309,25,23,1,15,244
89310,25,21,3,14,282
89311,25,20,5,18,259
89312,25,21,6,24,280
89313,25,21,6,24,282
89314,25,20,4,16,268
89315,25,23,0,33,255
89316,25,18,6,17,258
89317,25,18,7,16,270
89318,25,18,6,17,258
89319,25,18,7,17,264
89320,25,20,5,18,259
89321,25,18,6,17,258
89322,25,18,7,17,265
89323,25,20,4,21,252
89324,25,21,3,20,261
89325,25,22,1,25,255
89326,25,18,7,17,265
89327,25,18,7,17,265
89328,25,21,6,24,282
89329,25,18,6,17,259
89330,25,18,6,17,258
89331,25,18,6,17,259
89332,25,21,6,14,286
89333,25,18,7,17,265
89334,25,18,7,17,265
89335,25,18,7,17,264
89336,25,24,0,27,269
89337,25,24,0,35,264
89338,25,18,6,17,258
89339,25,23,0,15,244
89340,25,22,3,14,282
89341,25,20,5,19,259
89342,25,22,6,24,280
89343,25,22,6,24,282
89344,25,20,4,17,268
89345,25,23,0,33,255
89346,25,18,6,18,259
89347,25,19,7,17,270
89348,25,18,6,18,259
89349,25,18,7,18,265
89350,25,20,5,19,259
89351,25,18,6,18,259
89352,25,18,7,18,265
89353,25,20,4,22,253
89354,25,21,3,21,261
89355,25,22,1,26,256
89356,25,18,7,18,265
89357,25,18,7,18,265
89358,25,22,6,24,282
89359,25,18,6,18,259
89360,25,18,6,18,259
89361,25,18,6,18,260
89362,25,21,6,15,286
89363,25,18,7,18,265
89364,25,18,7,18,265
89365,25,18,7,18,264
89366,25,24,0,27,269
89367,25,24,0,35,264
89368,25,18,6,18,259
89369,25,23,0,15,245
89370,25,22,3,15,282
89371,25,20,5,20,259
89372,25,22,6,24,281
89373,25,22,6,25,282
89374,25,20,4,17,268
89375,25,23,0,33,255
89376,25,18,6,19,259
89377,25,19,7,17,271
89378,25,18,6,19,259
89379,25,18,7,19,265
89380,25,20,5,20,260
89381,25,18,6,19,259
89382,25,18,7,19,266
89383,25,20,4,22,253
89384,25,21,3,21,261
89385,25,22,1,26,256
89386,25,18,7,19,265
89387,25,18,7,19,265
89388,25,22,6,24,282
89389,25,18,6,19,259
89390,25,18,6,19,259
89391,25,18,6,19,260
89392,25,21,6,15,287
89393,25,18,7,19,265
89394,25,18,7,19,266
89395,25,18,7,19,265
89396,25,24,0,28,270
89397,25,24,0,36,265
89398,25,18,6,19,259
89399,25,23,0,15,245
89400,25,22,3,15,283
89401,25,20,5,20,260
89402,25,22,6,25,281
89403,25,22,6,25,282
89404,25,20,4,17,268
89405,25,23,0,33,256
89406,25,18,6,19,259
89407,25,19,7,17,271
89408,25,18,6,19,259
89409,25,18,7,19,265
89410,25,20,5,20,260
89411,25,18,6,19,259
89412,25,18,7,19,266
89413,25,20,4,22,253
89414,25,21,3,21,262
89415,25,22,1,26,256
89416,25,18,7,19,265
89417,25,18,7,19,265
89418,25,22,6,25,282
89419,25,18,6,19,259
89420,25,18,6,19,259
89421,25,18,6,19,260
89422,25,21,6,15,287
89423,25,18,7,19,265
89424,25,18,7,19,266
89425,25,18,7,19,265
89426,25,24,0,27,270
89427,25,24,0,36,265
89428,25,18,6,19,259
89429,25,24,0,16,245
89430,25,22,3,15,283
89431,25,20,5,20,260
89432,25,21,6,24,281
89433,25,21,6,24,282
89434,25,20,4,17,269
89435,25,23,1,33,256
89436,25,18,6,20,259
89437,25,18,7,18,271
89438,25,18,6,20,259
89439,25,18,7,19,265
89440,25,20,5,20,260
89441,25,18,6,20,259
89442,25,18,7,19,266
89443,25,20,4,22,253
89444,25,21,3,21,262
89445,25,22,1,26,257
89446,25,18,7,19,265
89447,25,18,7,19,265
89448,25,21,6,24,282
89449,25,18,6,20,259
89450,25,18,6,20,259
89451,25,18,6,20,260
89452,25,21,6,15,287
89453,25,18,7,19,265
89454,25,18,7,19,266
89455,25,18,7,19,265
89456,25,24,0,27,270
89457,25,24,0,36,265
89458,25,18,6,20,259
89459,25,23,1,16,246
89460,25,22,3,16,283
89461,25,17,5,18,260
89462,25,18,6,22,281
89463,25,18,6,22,282
89464,25,17,4,15,269
89465,25,21,1,32,256
89466,25,15,6,17,260
89467,25,15,7,15,271
89468,25,15,6,17,260
89469,25,15,7,18,265
89470,25,17,5,18,260
89471,25,15,6,17,259
89472,25,15,7,18,266
89473,25,17,4,20,254
89474,25,18,3,19,262
89475,25,19,2,23,257
89476,25,15,7,18,266
89477,25,15,7,18,266
89478,25,18,6,22,282
89479,25,15,6,17,260
89480,25,15,6,17,259
89481,25,15,6,17,261
89482,25,18,6,13,287
89483,25,15,7,18,266
89484,25,15,7,18,266
89485,25,15,7,18,265
89486,25,23,0,25,270
89487,25,23,0,34,265
89488,25,15,6,17,260
89489,25,23,1,14,246
89490,25,19,3,13,283
